use haf; 

insert into haf.rol (id_rol,nombre_rol) values
(1,'administrador'),
(2,'instructor'),
(3,'aprendiz')
;

insert into haf.tipo_doc (id_tipo_doc, sigla_doc, nom_doc) values
(1,'CC','cedula de ciudadania'),
(2,'TI','tarjeta de identidad')
;


insert into haf.usuario (fk_id_rol, fk_id_tipo_doc, id_num_doc, p_nombre, s_nombre, p_apellido, s_apellido, email, contraseña, avatar, telefono) values 
(1, 1, '57-0163487', 'Merla', 'Seline', 'Shury', 'McGonigle','smcgonigle0@misena.edu.coca.gov', '58ebd84ccc1693d5751cd677e0a21298', 'https://robohash.org/solutateneturnecessitatibus.png?size=50x50&set=set1', '965-425-9154'),
(1, 1, '24-6149401', 'Murvyn', 'Sunshine', 'Stolte', 'Willard','swillard1@misena.edu.comisena.edu.co', 'ac530b9033523aa5a00606344ae5c5c6', 'https://robohash.org/faceredoloremeveniet.png?size=50x50&set=set1', '896-778-2041'),
(1, 1, '88-9821447', 'Ewell', 'Ezri', 'McNelly', 'Fenwick', 'efenwick2@misena.edu.cobandcamp.com', 'dda4493e795ca55b5fca4cee27828096', 'https://robohash.org/minimaconsecteturvelit.jpg?size=50x50&set=set1', '257-890-6996'),
(1, 1, '86-5691529', 'Cissiee', 'Guss', 'Edmons', 'Carslaw', 'gcarslaw3@misena.edu.coihg.com', '4f891fe0a717b091fd3e7416ae493bd5', 'https://robohash.org/culpaasperioresaut.png?size=50x50&set=set1', '202-151-6182'),
(2, 1, '08-8637254', 'Jocelyn', 'Martha', 'Koppens', 'Leyland', 'mleyland4@misena.edu.comisena.edu.co', 'd861bee0a28fc6144d7185a9c1733604', 'https://robohash.org/quasiperspiciatisdeleniti.bmp?size=50x50&set=set1', '800-346-0275'),
(2, 1, '94-9558674', 'Auguste', 'Darbee', 'Tinham', 'Womack', 'dwomack5@misena.edu.comisena.edu.com', 'd43cb180d2fd54135a964ec27611261d', 'https://robohash.org/excepturivelitquam.png?size=50x50&set=set1', '603-185-4018'),
(2, 1, '08-7574803', 'Alexandre', 'Rudolf', 'Chaundy', 'Exter', 'rexter6@misena.edu.comisena.edu.co', 'e2fe99cc07ce656e4c5f9d0400e03344', 'https://robohash.org/corporisvelad.png?size=50x50&set=set1', '897-412-9887'),
(2, 1, '41-4687010', 'Marilyn', 'Lammond', 'Timny','Hoolahan', 'lohoolahan7@misena.edu.coposterous.com', '8edfba267b2c001968125914a6507458', 'https://robohash.org/quodsimiliquequo.png?size=50x50&set=set1', '328-431-2023'),
(2, 1, '49-5730738', 'Farly', 'Danyette', 'Gregoletti', 'Jzak', 'djzak8@misena.edu.cophp.net', 'f91ae093045c69c3b4dd53b6fc90cc20', 'https://robohash.org/quoearumnemo.jpg?size=50x50&set=set1', '392-237-9384'),
(2, 1, '39-9781015', 'Granthem', 'Jarad', 'Bloom', 'Sorley', 'jsorley9@misena.edu.cotime.com', '005fc0f4b10b5ee1aa0c4e23d5446c27', 'https://robohash.org/voluptatemrerumeaque.jpg?size=50x50&set=set1', '512-153-2735'),
(2, 1, '05-7739881', 'Michele', 'Paolo', 'Bullcock', 'Schimann', 'pschimanna@misena.edu.cosfgate.com', '074b7bb24036c1c70a10958f7e69240f', 'https://robohash.org/quosuntodit.png?size=50x50&set=set1', '852-451-1738'),
(2, 1, '70-0506862', 'Dolf', 'Yancy', 'Starmont', 'Downham', 'ydownhamb@misena.edu.cosimplemachines.org', '964822045e31a318666a4fe796b9b3fd', 'https://robohash.org/harumvoluptatemsint.png?size=50x50&set=set1', '739-952-4581'),
(2, 1, '95-3756339', 'Winna', 'Nilson', 'Grivori', 'Spratt', 'nsprattc@misena.edu.coauda.org.au', '24ae8cd5ef27d54a0a376dbca6605307', 'https://robohash.org/oditidquam.bmp?size=50x50&set=set1', '847-946-2811'),
(2, 1, '82-3594190', 'Shanon', 'Lane', 'de Nore', 'Cansdall', 'lcansdalld@misena.edu.coebay.co.uk', '021578d234f6b963b69631d01cdf1636', 'https://robohash.org/quiseosquas.bmp?size=50x50&set=set1', '614-242-2033'),
(2, 1, '33-4978577', 'Marjie', 'Tory', 'Tarborn', 'Bettam', 'tbettame@misena.edu.cocomsenz.com', 'e30c89a6885b6bc9ec775384326ba989', 'https://robohash.org/excepturilaboriosamsapiente.bmp?size=50x50&set=set1', '981-358-6313'),
(2, 1, '64-3918551', 'Marie', 'Simonette', 'Chitson', 'Feeney', 'sfeeneyf@misena.edu.coslideshare.net', '15f2428b3911dc8c7657c0f05716d145', 'https://robohash.org/officiishicmagnam.jpg?size=50x50&set=set1', '516-256-6491'),
(2, 1, '32-3977685', 'Antons', 'Yancey', 'Aylesbury', 'Bemrose', 'ybemroseg@misena.edu.coyahoo.com', '2e401a04314e6a8dfec21c82c1c8998c', 'https://robohash.org/totammollitiaexpedita.jpg?size=50x50&set=set1', '984-878-0113'),
(2, 1, '77-2852610', 'Caryl', 'Cass', 'Burhill', 'Linggood', 'clinggoodh@misena.edu.cogoogle.com.au', 'a6cbb1f2ed20fbacf406501080ebb915', 'https://robohash.org/veritatisteneturaut.bmp?size=50x50&set=set1', '388-324-2957'),
(2, 1, '92-0064615', 'Tessi', 'Justus', 'Vedenichev', 'Spoor', 'jspoori@misena.edu.coabout.me', '20a4123fe069c7bae69e146ed3120c6e', 'https://robohash.org/solutaomnisveniam.png?size=50x50&set=set1', '178-374-4134'),
(2, 1, '58-8340703', 'Carlie', 'Margarette', 'McRavey', 'Gasnell', 'mgasnellj@misena.edu.codion.ne.jp', '4a7724aca0b0326981e166b379cdf6a1', 'https://robohash.org/nonnobisvel.png?size=50x50&set=set1', '303-265-8462'),
(3, 1, '47-7393241', 'Shell', 'Laney', 'Plows', 'Dellatorre', 'ldellatorrek@misena.edu.cowhitehouse.gov', 'cb32cb54f68235baa992de8da6178dd0', 'https://robohash.org/porroveritatislaudantium.png?size=50x50&set=set1', '603-760-9300'),
(3, 2, '66-4669295', 'Alli', 'Brook', 'Schmidt', 'Klaesson', 'bklaessonl@misena.edu.cohibu.com', '7f6085c1cefacd2a5e11914b9bdf0ffe', 'https://robohash.org/ipsamullammodi.bmp?size=50x50&set=set1', '341-396-7088'),
(3, 2, '17-0317629', 'Brande', 'Cobbie', 'Ridolfi', 'Simants', 'csimantsm@misena.edu.cofda.gov', '7eebe8e77886d758a8c2a0fcccf6753d', 'https://robohash.org/reiciendisaccusamuset.bmp?size=50x50&set=set1', '882-316-8422'),
(3, 1, '01-5902649', 'Meggi', 'Franciska', 'Arnoud','Hagan', 'fohagann@misena.edu.coutexas.edu', 'b25ee2f5ce78acd923a2007af576128b', 'https://robohash.org/temporasapienteaspernatur.png?size=50x50&set=set1', '399-510-6118'),
(3, 1, '77-9543502', 'Walsh', 'Faulkner', 'Laxtonne','Harney', 'foharneyo@misena.edu.coparallels.com', '5bd765fdfebf4a1c6e5a8adb5d6b6ffa', 'https://robohash.org/adipisciquodquam.jpg?size=50x50&set=set1', '304-333-1052'),
(3, 2, '65-9799372', 'Laural', 'Darnell', 'Bourdel', 'Shout', 'dshoutp@misena.edu.cophpbb.com', '201ba88d430a9a053cde5e973c8da8af', 'https://robohash.org/laboriosamquinon.jpg?size=50x50&set=set1', '612-243-6253'),
(3, 2, '35-5616904', 'Maximilian', 'Christie', 'Duddan', 'Burnhill', 'cburnhillq@misena.edu.cogoo.gl', '84bc53e9db2d9ceb568ca9cb3e3a3c15', 'https://robohash.org/estautquaerat.jpg?size=50x50&set=set1', '422-318-4478'),
(3, 2, '10-5183381', 'Jareb', 'Rennie', 'Ruspine', 'Ateridge', 'rateridger@misena.edu.coflickr.com', '3d89c3f85af217712926ad11be2764f4', 'https://robohash.org/doloreipsamquasi.bmp?size=50x50&set=set1', '375-166-2777'),
(3, 1, '05-0102124', 'Carey', 'Lou', 'Gurden', 'Pratt', 'lpratts@misena.edu.colulu.com', '4fe854a4644dd3251c6d90acafc19956', 'https://robohash.org/nisiremenim.png?size=50x50&set=set1', '122-814-6641'),
(3, 2, '81-1267220', 'Gregory', 'Sandra', 'Ricket', 'Huey', 'shueyt@trellian.com', 'fb75d0d4ed8904fb0d7a308721f0292c', 'https://robohash.org/inciduntverorerum.png?size=50x50&set=set1', '376-469-0694'),
(3, 1, '41-3432480', 'Artus', 'Karalynn', 'Altimas', 'Primrose', 'kprimroseu@cafepress.com', '9615694728e067b442a1ae410d66cc8f', 'https://robohash.org/oditautemaut.jpg?size=50x50&set=set1', '162-181-7341'),
(3, 2, '26-2267537', 'Charmaine', 'Cassey', 'Pontefract', 'Lessmare', 'clessmarev@stumbleupon.com', 'a3e90c2f0ee13bc306100cbe0e84b7de', 'https://robohash.org/harumquidemest.jpg?size=50x50&set=set1', '538-615-9031'),
(3, 1, '19-3685178', 'Devina', 'Ring', 'Imort', 'Campbell-Dunlop', 'rcampbelldunlopw@homestead.com', '5df3b9f4fbc439eef2b29453995919cd', 'https://robohash.org/nequevitaerepellat.jpg?size=50x50&set=set1', '720-323-9931'),
(3, 1, '80-0929757', 'Cobby', 'Riccardo', 'Eleshenar', 'Drinnan', 'rdrinnanx@npr.org', 'a043c40fd553009451146d27ea6e3af1', 'https://robohash.org/atqueilloassumenda.png?size=50x50&set=set1', '832-993-1442'),
(3, 2, '09-1660728', 'Angeli', 'Seymour', 'Clayworth', 'Madison', 'smadisony@uiuc.edu', 'eddee254c6326ec34c780f684f303625', 'https://robohash.org/quiaidsit.bmp?size=50x50&set=set1', '720-821-6531'),
(3, 1, '25-4088908', 'Jacobo', 'Garfield', 'Gland', 'Bucktharp', 'gbucktharpz@businesswire.com', '67b67be25a809c5e0e266b79b2cbb093', 'https://robohash.org/dolorimpeditdelectus.bmp?size=50x50&set=set1', '655-549-0595'),
(3, 2, '01-3642382', 'Kristos', 'Silvia', 'Jeandillou', 'Hearnden', 'shearnden10@cisco.com', 'ff265b13eaa66151a83b4ea83b28175d', 'https://robohash.org/beataenecessitatibusvoluptatem.png?size=50x50&set=set1', '201-951-4321'),
(3, 2, '78-0203689', 'Fredrika', 'Fernando', 'Sancto', 'Roscamps', 'froscamps11@nasa.gov', 'c57f1830690588bb77201d6baf26a522', 'https://robohash.org/providentsaepeet.jpg?size=50x50&set=set1', '815-721-4210'),
(3, 1, '55-9704913', 'Jenica', 'Den', 'Anan', 'Misselbrook', 'dmisselbrook12@senate.gov', '91c900829149010030c3f9d22f06b1e0', 'https://robohash.org/autinconsequatur.jpg?size=50x50&set=set1', '291-254-8789'),
(3, 2, '36-7434356', 'Rickey', 'Ingeborg', 'Brims', 'Le Floch', 'ilefloch13@weather.com', '2a176e53674902bf267e06e3dd0b80b3', 'https://robohash.org/sitsitet.png?size=50x50&set=set1', '765-688-9586'),
(3, 2, '86-1747013', 'Diane-marie', 'Saunders', 'Capin', 'Pirolini', 'spirolini14@go.com', '2ad32c2687024101ca7bb15d7baa798e', 'https://robohash.org/voluptatemconsecteturofficia.bmp?size=50x50&set=set1', '732-340-6933'),    
(3, 2, '51-2987197', 'Dierdre', 'Bari', 'Lindstrom', 'Leeburne', 'bleeburne15@desdev.cn', '22189be8fe13367cec8960536ea07a86', 'https://robohash.org/errornatusoccaecati.bmp?size=50x50&set=set1', '380-510-6540'),           
(3, 1, '58-1679048', 'Eziechiele', 'Earlie', 'Sorley', 'Patek', 'epatek16@examiner.com', '1abe3b1587954ef53807109cff061fc3', 'https://robohash.org/quibusdamcorruptiet.jpg?size=50x50&set=set1', '547-449-5279'),          
(3, 2, '82-5402898', 'Claiborn', 'Vergil', 'D''Elias', 'Sumption', 'vsumption17@engadget.com', 'bb00e8877c41a1526c8f656dde682e1a', 'https://robohash.org/quidoloremvel.bmp?size=50x50&set=set1', '332-127-4812'),
(3, 2, '13-2603587', 'Janeen', 'Hedwiga', 'Hinkes', 'Decort', 'hdecort18@weebly.com', 'c4ca9136800337dc3e62b67b5f82a557', 'https://robohash.org/natustotamlaboriosam.jpg?size=50x50&set=set1', '300-703-0322'),
(3, 1, '39-3310025', 'Halli', 'Kally', 'Germann', 'Ducker', 'kducker19@amazon.com', 'b760a4e39a1e2254723fdc7accb2cd17', 'https://robohash.org/providenteligendieaque.bmp?size=50x50&set=set1', '346-746-7025'),
(3, 2, '93-9296913', 'Bertie', 'Johnny', 'Clubbe', 'Cantero', 'jcantero1a@cargocollective.com', '8bffabbe13b0e6e4d758011dabaafdf8', 'https://robohash.org/distinctioestquae.bmp?size=50x50&set=set1', '946-743-1438'),
(3, 1, '03-5240405', 'Elvira', 'Brendin', 'Casetti', 'McCurlye', 'bmccurlye1b@163.com', '7290b8e69f443b333444749aabc5c387', 'https://robohash.org/inillumsed.bmp?size=50x50&set=set1', '147-997-5533'),
(3, 1, '47-9733267', 'Alvy', 'Ax', 'Fozzard', 'Scholefield', 'ascholefield1c@indiegogo.com', '67da6aadaa6384ec79879f656963aeff', 'https://robohash.org/quidemeadolor.jpg?size=50x50&set=set1', '356-323-9860'),
(3, 2, '25-7891434', 'Patton', 'Giorgi', 'Thurby', 'Gilogly', 'ggilogly1d@bizjournals.com', '6cd36ce940ac8302946079598d689ca9', 'https://robohash.org/omnisveritatisconsequatur.png?size=50x50&set=set1', '328-694-4338'),
(3, 2, '30-4013034', 'Cherilyn', 'Minda', 'Bewick', 'Clausson', 'mclausson1e@intel.com', '7b49c939332f99d020aa8630b5b08479', 'https://robohash.org/eosvelitet.png?size=50x50&set=set1', '934-886-5468'),
(3, 1, '57-8443938', 'Hazel', 'Mano', 'Henningham', 'Fullard', 'mfullard1f@storify.com', '929f454faeac6582d6e659a9f6958438', 'https://robohash.org/etmodisunt.jpg?size=50x50&set=set1', '248-720-1722'),
(3, 2, '66-3686277', 'Donny', 'Gene', 'Biggam', 'Bexley', 'gbexley1g@chicagotribune.com', '3fd1f26a427351d467ecc89ea5efb16c', 'https://robohash.org/omnisnemoearum.jpg?size=50x50&set=set1', '732-347-0990'),
(3, 2, '01-0891984', 'Lucita', 'Cleve', 'Puckring', 'Revance', 'crevance1h@prnewswire.com', 'e7e245479cb6a95b47cdddecfed6a732', 'https://robohash.org/rematvoluptatem.png?size=50x50&set=set1', '523-456-5447'),
(3, 1, '76-7555151', 'Rachael', 'Ricoriki', 'Gibbins', 'Tring', 'rtring1i@360.cn', 'df06cd8949379a84a8c5fac1bd481be0', 'https://robohash.org/maximeexplicaboquos.png?size=50x50&set=set1', '301-803-0548'),
(3, 2, '17-1768520', 'Bartie', 'Ofilia', 'Arnoll', 'Ranken', 'oranken1j@si.edu', 'ed87e0ef2ce17b6196e6e52d46c67880', 'https://robohash.org/autnihilqui.jpg?size=50x50&set=set1', '826-734-8295'),
(3, 2, '77-9302368', 'Clayson', 'Andriette', 'Orpwood', 'Caulcutt', 'acaulcutt1k@washington.edu', '179d27e44d7d1c3d26482fa552a9514c', 'https://robohash.org/doloruminciduntid.png?size=50x50&set=set1', '943-794-9035'),
(3, 2, '10-2138228', 'Benni', 'Daveen', 'Adamini', 'Birkett', 'dbirkett1l@ebay.com', 'f5c1c0919e23be8591cfea5cbeeff77b', 'https://robohash.org/dignissimosquirepellat.bmp?size=50x50&set=set1', '921-371-0237'),
(3, 2, '86-6828704', 'Beilul', 'Cthrine', 'Warrilow', 'Cabrera', 'ccabrera1m@dailymail.co.uk', 'ac5b46b7a9ec17427d154985aa774920', 'https://robohash.org/asperioresfugiatvoluptate.png?size=50x50&set=set1', '302-145-1782'),
(3, 2, '21-0396211', 'Valerye', 'Ennis', 'Puttan', 'Ramel', 'eramel1n@hexun.com', '5c0b537cd22769112a7e1ea0286e3f59', 'https://robohash.org/iurenullanatus.jpg?size=50x50&set=set1', '554-838-7424'),
(3, 1, '67-5349837', 'Lynnette', 'Kerrie', 'Trett', 'Chaffin', 'kchaffin1o@craigslist.org', '658ab2789b7f4f8ee2886f2b2aa93482', 'https://robohash.org/fugitconsequatursoluta.bmp?size=50x50&set=set1', '452-514-4754'),
(3, 1, '13-3678822', 'Kial', 'Mufi', 'Shearer', 'Kesten', 'mkesten1p@bloglovin.com', '4c1e4b27a93794b4de65b2f93934b536', 'https://robohash.org/facilisnostrumofficia.jpg?size=50x50&set=set1', '298-875-8874'),
(3, 1, '47-9048598', 'Wilbert', 'Hatty', 'Drees', 'Reaney', 'hreaney1q@salon.com', '66345c1d81578c7075be10463c4df981', 'https://robohash.org/nonliberoquis.png?size=50x50&set=set1', '209-355-8299'),
(3, 2, '19-9951747', 'Trudi', 'Loralee', 'Allbon', 'Sloey', 'lsloey1r@list-manage.com', 'de1705758b54a0c09b7dc33f696b384b', 'https://robohash.org/autodiout.bmp?size=50x50&set=set1', '452-367-8199'),
(3, 2, '68-4693958', 'Leeann', 'Jamison', 'Belk', 'Corr', 'jcorr1s@goo.ne.jp', 'e0b53a6bcb7688a8dda67ef9564b76d4', 'https://robohash.org/dolorutet.png?size=50x50&set=set1', '674-739-8204'),
(3, 2, '71-8379839', 'Adham', 'Alysa', 'Radley', 'Moen', 'amoen1t@de.vu', '9d86769843ef5d50bc97f17efcc72a4d', 'https://robohash.org/nonoditporro.bmp?size=50x50&set=set1', '709-906-5623'),
(3, 2, '64-1347610', 'Shaun', 'Den', 'Dumbreck', 'Hamlett', 'dhamlett1u@berkeley.edu', 'a8f3441f99cf0c057976f302561a8e54', 'https://robohash.org/doloribusautaliquid.jpg?size=50x50&set=set1', '124-629-1405'),
(3, 2, '87-8178194', 'Allis', 'Heidi', 'Dudding', 'Gilhooly', 'hgilhooly1v@cisco.com', 'c17ec9d873441fe73727a98c89394823', 'https://robohash.org/reruminciduntiure.png?size=50x50&set=set1', '436-962-4610'),
(3, 1, '00-0704457', 'Corbie', 'Mathilde', 'Wace', 'Slyme', 'mslyme1w@independent.co.uk', 'cedcdf132900113b6f224ae7bc313157', 'https://robohash.org/autrepudiandaeofficiis.bmp?size=50x50&set=set1', '365-998-2210'),
(3, 2, '64-4550530', 'Winfred', 'Stanislaw', 'Oxshott', 'Stockney', 'sstockney1x@accuweather.com', '8914f5f358b6cf626bd0133d6e202ffe', 'https://robohash.org/quimolestiaserror.jpg?size=50x50&set=set1', '408-371-0890'),
(3, 2, '70-5281862', 'Marilyn', 'Piper', 'Bartzen', 'McLurg', 'pmclurg1y@ameblo.jp', 'e8898a28742f4823882d0fad13be40ef', 'https://robohash.org/enimvelitnecessitatibus.bmp?size=50x50&set=set1', '459-541-9013'),
(3, 2, '81-7993356', 'Leicester', 'Pepe', 'Smurfitt', 'Licciardiello', 'plicciardiello1z@devhub.com', '024bd60fbc44ca115d2f6140f7778ad6', 'https://robohash.org/eaqueutdolorem.bmp?size=50x50&set=set1', '887-403-2145'),
(3, 1, '17-7965943', 'Clerissa', 'Opal', 'Blease', 'Stanyforth', 'ostanyforth20@irs.gov', '2220fe5bb9ceeb813e075d102b2e6c5e', 'https://robohash.org/praesentiumquiaat.bmp?size=50x50&set=set1', '721-388-0715'),
(3, 2, '41-0770136', 'Bliss', 'Prinz', 'Burger', 'Hankey', 'phankey21@indiatimes.com', 'fbad1d4473c8892b3f796f7f58c56648', 'https://robohash.org/aperiamipsumperspiciatis.png?size=50x50&set=set1', '684-700-9613'),
(3, 1, '86-8164445', 'Ric', 'Jorge', 'Grieve', 'Dines', 'jdines22@cargocollective.com', '8e35a394bb9cd0dc18b18c54100da7a1', 'https://robohash.org/facilisexplicaboaspernatur.png?size=50x50&set=set1', '468-522-2277'),
(3, 2, '75-5788494', 'Daniele', 'Larry', 'Bodley', 'Monni', 'lmonni23@livejournal.com', '055db6ee1fdef9772b596cb73421d6dc', 'https://robohash.org/voluptasfugiatatque.bmp?size=50x50&set=set1', '145-352-0701'),
(3, 1, '87-7114281', 'Jock', 'Kerwin','Shevlan', 'Godfroy', 'kgodfroy24@cyberchimps.com', '003d325444bff60f2ebb5286869af25d', 'https://robohash.org/dignissimosverosunt.png?size=50x50&set=set1', '368-792-6286'),
(3, 2, '28-9905861', 'Adrianna', 'Em', 'Blanking', 'Cavolini', 'ecavolini25@illinois.edu', '4ff5e1de344703e7d6a8f1ed9b9038b9', 'https://robohash.org/deseruntquisquamneque.bmp?size=50x50&set=set1', '965-585-5393'),
(3, 2, '63-3060981', 'Upton', 'Giacomo', 'Houlaghan', 'Arnson', 'garnson26@wufoo.com', '2a0d882085f9f560f39e885fd4e38089', 'https://robohash.org/etaccusantiumeligendi.bmp?size=50x50&set=set1', '926-720-0197'),
(3, 1, '74-4089031', 'Toddie', 'Marmaduke', 'Cooksley', 'Holt', 'mholt27@loc.gov', '82b6a18e335534ac3272a0a14d6076d8', 'https://robohash.org/utducimuscupiditate.png?size=50x50&set=set1', '317-937-2018'),
(3, 1, '50-8623594', 'Nickolas', 'Kipper', 'Kingwell', 'Zupone', 'kzupone28@jiathis.com', 'ad102a8290182addd4cebe8e06cbdc60', 'https://robohash.org/impeditfugiatfugit.jpg?size=50x50&set=set1', '927-697-8138'),
(3, 2, '18-3606789', 'Jacky', 'Clim', 'Pendrid', 'Upshall', 'cupshall29@pcworld.com', '5eb2ce45a085764d46a38c7cc9320f96', 'https://robohash.org/laborequiaqui.png?size=50x50&set=set1', '600-412-9502'),
(3, 2, '14-3443391', 'Emmye', 'Kaspar', 'Dounbare', 'Dodell', 'kdodell2a@goo.gl', 'c10267e52895edf2b14ab22caa4921c4', 'https://robohash.org/earumsedaccusamus.bmp?size=50x50&set=set1', '520-779-3664'),
(3, 2, '85-8429255', 'Rheba', 'Jimmie', 'Maling', 'Nafziger', 'jnafziger2b@qq.com', 'f776ae4d9a3a7d4e4223be9d47a72cc0', 'https://robohash.org/adipisciaccusantiumducimus.png?size=50x50&set=set1', '460-404-1485'),
(3, 2, '09-6350689', 'Flor', 'Derrick', 'McGrah', 'Van Baaren', 'dvanbaaren2c@sciencedaily.com', 'b18b5d114363fb4442427a7edca4c123', 'https://robohash.org/doloremsitconsequatur.jpg?size=50x50&set=set1', '651-254-1135'),
(3, 2, '28-2932109', 'Fidelia', 'Kerrin', 'Lethibridge', 'Brookbank', 'kbrookbank2d@dmoz.org', '781513b383a1583094a270eb179ac7da', 'https://robohash.org/quasiiureeligendi.png?size=50x50&set=set1', '639-427-3004'),
(3, 1, '29-2150563', 'Sharla', 'Denys', 'Guilloton', 'Guerrieri', 'dguerrieri2e@t-online.de', 'c42ba526b2274bcc1c29d2828fdca705', 'https://robohash.org/magnameapossimus.jpg?size=50x50&set=set1', '583-382-4950'),
(3, 1, '41-0509091', 'Batholomew', 'Urbano', 'Merricks', 'Reddell', 'ureddell2f@shinystat.com', '69d511c08cab4ed5f03f32406383454e', 'https://robohash.org/repudiandaepraesentiumamet.bmp?size=50x50&set=set1', '570-674-0818'),
(3, 1, '42-5826950', 'Dicky', 'Natty', 'Maso', 'Fielding', 'nfielding2g@sogou.com', 'a4aeda57f7d940e4477c64e50d9aafad', 'https://robohash.org/eligendiquiamagni.png?size=50x50&set=set1', '512-558-8160'),
(3, 2, '86-2190286', 'Pascal', 'Clemmy', 'Burman', 'Chalcot', 'cchalcot2h@cnn.com', '666744a1352ac768cca81172f36f6eaf', 'https://robohash.org/inciduntautnemo.jpg?size=50x50&set=set1', '911-242-8507'),
(3, 1, '13-1763989', 'Netti', 'Ivy', 'Coltart', 'Tattersdill', 'itattersdill2i@techcrunch.com', 'eafbfe2419aa1cc0c85a8b300386b426', 'https://robohash.org/repudiandaeenimest.jpg?size=50x50&set=set1', '493-543-5694'),
(3, 2, '12-0343765', 'Kendal', 'Ario', 'Mizen', 'Windmill', 'awindmill2j@utexas.edu', '046679e7d61bd7bc992b465f5af7ad5a', 'https://robohash.org/corporiseosquae.jpg?size=50x50&set=set1', '933-525-7735'),
(3, 2, '91-6588347', 'Nady', 'Cariotta', 'Nares', 'Topes', 'ctopes2k@printfriendly.com', 'aa7f9ac884baa393e13c498ae73eae1d', 'https://robohash.org/ametplaceatatque.bmp?size=50x50&set=set1', '932-469-7383'),
(3, 1, '37-7474138', 'Yorgo', 'Giffie', 'Goghin', 'Huard', 'ghuard2l@t.co', '253518944311d8c8af754baf601d7d93', 'https://robohash.org/doloremqueharumlaboriosam.png?size=50x50&set=set1', '311-901-4368'),
(3, 2, '65-4085174', 'Jed', 'Vernor', 'Colecrough', 'Granville', 'vgranville2m@ucsd.edu', '9b841583535e47bf0c0f37780f0a3806', 'https://robohash.org/etasperioresex.jpg?size=50x50&set=set1', '575-656-2203'),
(3, 2, '70-5454566', 'Sutton', 'Millicent', 'Kittman', 'Kobke', 'mkobke2n@washingtonpost.com', 'a635dc37c8a0fc31e388ba7e16ba4b9f', 'https://robohash.org/teneturperspiciatisconsequatur.jpg?size=50x50&set=set1', '458-487-6533'),
(3, 2, '09-8056885', 'Floria', 'Karmen', 'Evamy','Hickee', 'kohickee2o@linkedin.com', '722538aeb17faa23c63fdb7062dc9b21', 'https://robohash.org/accusamusasperioresipsa.bmp?size=50x50&set=set1', '764-513-1429'),
(3, 1, '77-6309696', 'Jeanna', 'Benedikta', 'Beardsdale', 'Blaxton', 'bblaxton2p@stumbleupon.com', '9f5758ca5e57c586ad31a99aefee31c6', 'https://robohash.org/architectosuntipsa.png?size=50x50&set=set1', '582-881-5708'),
(3, 2, '30-5028075', 'Hestia', 'Clarence', 'Wedderburn', 'Pelos', 'cpelos2q@msu.edu', '9a85a26919afe3fd43f18c992a1f2d62', 'https://robohash.org/rerumquiset.bmp?size=50x50&set=set1', '811-834-3268'),
(3, 1, '27-8739410', 'Jacquenetta', 'Berthe', 'Rigmond', 'Roffey', 'broffey2r@narod.ru', '82529481b9aa25b3b412fb2539ac5a0d', 'https://robohash.org/consequaturofficianihil.png?size=50x50&set=set1', '765-722-8430'),
(3, 1, '91-0162579', 'Brander', 'Ricardo', 'Allman', 'Spaven', 'rspaven2s@cam.ac.uk', 'e12433a61f63d5396246a7345550fa19', 'https://robohash.org/autconsectetursequi.bmp?size=50x50&set=set1', '559-815-6835'),
(3, 2, '34-8509174', 'Valentijn', 'Sidonia', 'Astall', 'Beart', 'sbeart2t@fda.gov', '57e44d2008609578439186ad521075ff', 'https://robohash.org/etremeos.bmp?size=50x50&set=set1', '997-837-0173'),
(3, 1, '54-5249766', 'Lenore', 'Humfrid', 'Digges', 'Berkeley', 'hberkeley2u@cafepress.com', '8461aae9a2d28dbd56050f82cf9ad74e', 'https://robohash.org/rerumporroipsam.png?size=50x50&set=set1', '185-819-4355'),
(3, 2, '32-6623220', 'Kissie', 'Sibella', 'Rogez', 'Cescot', 'scescot2v@skype.com', 'ccf754ee299e50bac1443c9f940fd9e6', 'https://robohash.org/eaestlaudantium.jpg?size=50x50&set=set1', '749-418-6792'),
(3, 1, '32-4390777', 'Bridgette', 'Charlotte', 'Gadd', 'Austin', 'caustin2w@youtube.com', 'e4990836e88a49a1560813c22a8ac678', 'https://robohash.org/porropraesentiumconsequatur.bmp?size=50x50&set=set1', '360-482-8704'),
(3, 1, '53-0597159', 'Mariya', 'Weber', 'Adelsberg', 'Szabo', 'wszabo2x@w3.org', 'ab5eb50b41d09f8e991a86266b202905', 'https://robohash.org/autcupiditateest.jpg?size=50x50&set=set1', '334-634-9103'),
(3, 1, '38-4107220', 'Timothee', 'Manon', 'Carnell', 'Pedder', 'mpedder2y@jugem.jp', '1221458b86644f92e76b3a7d1da100a2', 'https://robohash.org/autemveniamet.jpg?size=50x50&set=set1', '321-749-8074'),
(3, 2, '97-5703584', 'Adriano', 'Annis', 'Howsden', 'Cloute', 'acloute2z@google.com', '5e8d717f9652bae29c1f17f2eb130154', 'https://robohash.org/adipsaet.bmp?size=50x50&set=set1', '794-346-8838'),
(3, 1, '76-9089163', 'Onfre', 'Ella', 'Camm', 'Bugge', 'ebugge30@sciencedaily.com', 'fd4fbc70e6f3d66d66ffd006e7caa927', 'https://robohash.org/ametmolestiaeplaceat.jpg?size=50x50&set=set1', '638-372-1671'),
(3, 1, '49-7090847', 'Jasmina', 'Rina', 'Tumielli', 'Passy', 'rpassy31@cpanel.net', '5910bba038fb91e62bd6373e4d874c29', 'https://robohash.org/consequaturrepellendusrerum.jpg?size=50x50&set=set1', '444-149-4469'),
(3, 2, '09-9748244', 'Benny', 'Binnie', 'Laughtisse', 'Leed', 'bleed32@mapy.cz', '1a34c4390adb5d3a5f639414d56aeda2', 'https://robohash.org/quotemporabeatae.jpg?size=50x50&set=set1', '760-709-4834'),
(3, 1, '06-7449490', 'Melicent', 'Dorri', 'Frays', 'Firle', 'dfirle33@rambler.ru', '43463006c0782e91a510f3f31f02c2ee', 'https://robohash.org/nisieumaccusamus.jpg?size=50x50&set=set1', '663-801-9738'),
(3, 1, '17-6650856', 'Fidel', 'Etti', 'Iddison', 'Copcott', 'ecopcott34@indiatimes.com', 'b00209f12819601cc5164f103dab923f', 'https://robohash.org/utfacilisvoluptatem.bmp?size=50x50&set=set1', '338-395-9762'),
(3, 1, '68-4294564', 'Agatha', 'Moritz', 'Ketteman', 'Meckiff', 'mmeckiff35@fastcompany.com', 'b62dfdbea06fc1376a812d0bc8d5319b', 'https://robohash.org/ipsasitet.png?size=50x50&set=set1', '659-732-1556'),
(3, 2, '23-3548618', 'Wilhelm', 'Hermine', 'Everist', 'Creeber', 'hcreeber36@nymag.com', 'e7d1b791fb0550ccbc224c16c38c3d01', 'https://robohash.org/quamautenim.jpg?size=50x50&set=set1', '861-729-6970'),
(3, 1, '59-5831002', 'Gisella', 'Cammy', 'Leathley', 'Kays', 'ckays37@smh.com.au', 'b93aa443463780df771db5d469da6b64', 'https://robohash.org/quidemremet.png?size=50x50&set=set1', '726-337-7554'),
(3, 1, '11-1627442', 'Dniren', 'Sergei', 'Dodsworth', 'Herety', 'sherety38@xrea.com', '9641dcfdc29b09311f123234c63c9d63', 'https://robohash.org/voluptatesvoluptasnihil.jpg?size=50x50&set=set1', '790-137-3976'),
(3, 2, '62-7693065', 'Gwyn', 'Marsh', 'Arnely', 'Everett', 'meverett39@gmpg.org', 'dbefd186a89e2ac0f70f519f297d3581', 'https://robohash.org/quiinciduntvitae.bmp?size=50x50&set=set1', '942-547-3386'),
(3, 2, '65-6207875', 'Bonny', 'Candy', 'Hovey', 'Morbey', 'cmorbey3a@infoseek.co.jp', 'c2c323fc0d0fb6eb2a9d57465590c8f5', 'https://robohash.org/ipsammollitiavoluptatem.png?size=50x50&set=set1', '911-159-7788'),
(3, 1, '48-4212128', 'Romain', 'Gray', 'Brient', 'Landsborough', 'glandsborough3b@acquirethisname.com', '6c70819ed87c60412afa4afc49602022', 'https://robohash.org/moditotamnobis.jpg?size=50x50&set=set1', '431-582-8643'),
(3, 2, '10-4951552', 'Edsel', 'Chrotoem', 'Klosser', 'Abell', 'cabell3c@npr.org', '09b306258bc0547ffe6011c91c951fe0', 'https://robohash.org/voluptatedignissimosrem.jpg?size=50x50&set=set1', '917-791-8010'),
(3, 1, '75-7179194', 'Angeli', 'Ezri', 'Gley', 'Shavel', 'eshavel3d@howstuffworks.com', 'f4862d53788254909b898f1f6b097e91', 'https://robohash.org/laboreanihil.png?size=50x50&set=set1', '271-989-7383'),
(3, 2, '54-4870293', 'Moira', 'Ryley', 'Eggleson', 'Headrick', 'rheadrick3e@icq.com', '41796ea73a08ead0ebfbdba8bdcf01aa', 'https://robohash.org/culpahicin.jpg?size=50x50&set=set1', '527-372-1028'),
(3, 2, '28-4445573', 'Charlean', 'Hephzibah', 'Zoellner', 'Lorentzen', 'hlorentzen3f@soup.io', '81a89844f2a2353f2ffd8eb50a919625', 'https://robohash.org/nostrumeteos.png?size=50x50&set=set1', '281-618-9281'),
(3, 1, '34-7861890', 'Cecile', 'Elisabeth', 'Ciobutaro', 'Normavill', 'enormavill3g@arstechnica.com', '7324e0e25048f7314ab012e020525daa', 'https://robohash.org/velcorporisrem.bmp?size=50x50&set=set1', '762-496-8794'),
(3, 2, '62-6707522', 'Milli', 'Peria', 'Brastead', 'Oldfield-Cherry', 'poldfieldcherry3h@squarespace.com', 'fdef34a0b14f45b953aa12b8623b9568', 'https://robohash.org/rationesitet.jpg?size=50x50&set=set1', '210-465-9274'),
(3, 1, '58-4860745', 'Maybelle', 'Alfy', 'Mallia', 'Aleevy', 'aaleevy3i@networkadvertising.org', 'cbbbb6df114f68fd585f831b300944d4', 'https://robohash.org/auteamaiores.jpg?size=50x50&set=set1', '137-677-0365'),
(3, 2, '45-3138163', 'Bastian', 'Chandal', 'Capnor', 'Bather', 'cbather3j@walmart.com', 'e68b7e9f53f54631a53761060ef70abf', 'https://robohash.org/oditquodrerum.png?size=50x50&set=set1', '566-145-9917'),
(3, 1, '59-9270600', 'Hayyim', 'Mackenzie', 'Garoghan', 'Dinley', 'mdinley3k@vkontakte.ru', 'b0f664599ba11c7b5454e23a5cb00705', 'https://robohash.org/dolorexercitationemdeleniti.bmp?size=50x50&set=set1', '887-979-9810'),
(3, 1, '96-1503262', 'Nickolas', 'Mollee', 'Breen', 'Ferraron', 'mferraron3l@altervista.org', '98326b2a742e93bb1105bc8dcee02916', 'https://robohash.org/facerenemoaut.png?size=50x50&set=set1', '188-786-3099'),
(3, 2, '91-2479711', 'Aldin', 'Whitney', 'Crosskill', 'Addionisio', 'waddionisio3m@arstechnica.com', '70d533821660cc827521dc35e0c0bc99', 'https://robohash.org/excepturiquiest.png?size=50x50&set=set1', '615-807-9441'),
(3, 2, '39-8588937', 'Horatia', 'Nikaniki', 'Duerden', 'Rohlfs', 'nrohlfs3n@hibu.com', '9e3566cce1e40a6f28da07187cbe7852', 'https://robohash.org/quimagnamut.png?size=50x50&set=set1', '851-542-4901'),
(3, 2, '80-5884572', 'Alair', 'Marketa', 'Crennan', 'Oboy', 'moboy3o@nytimes.com', 'e5246061d2e63f9ee14b18195cee4595', 'https://robohash.org/similiquequisquamdolorum.bmp?size=50x50&set=set1', '176-530-8796'),
(3, 1, '59-2183985', 'Domeniga', 'Kipp', 'Philipp', 'Tapley', 'ktapley3p@slate.com', '8cee26973281ab48691cdc58cb8ffd2b', 'https://robohash.org/easimiliquefugiat.bmp?size=50x50&set=set1', '124-382-7155'),
(3, 2, '61-5022511', 'Susanetta', 'Ariel', 'Lansley', 'Bursell', 'abursell3q@eepurl.com', 'a87f850292f490d2f3af7cbefe23f10b', 'https://robohash.org/quiaquisquamofficia.bmp?size=50x50&set=set1', '494-396-8853'),
(3, 1, '81-0801352', 'Dorthea', 'Stephanus', 'Durber', 'Hiskey', 'shiskey3r@harvard.edu', '91c94802768ced176ae17eaf1d91ffd5', 'https://robohash.org/sitnatusillum.jpg?size=50x50&set=set1', '154-689-4493'),
(3, 1, '77-2237217', 'Willy', 'Helaine', 'Bodleigh', 'Satterfitt', 'hsatterfitt3s@prweb.com', 'e70105bb978a7fd6e37b7273617edcba', 'https://robohash.org/etomnisporro.bmp?size=50x50&set=set1', '264-485-3884'),
(3, 1, '27-0880710', 'Marys', 'Mayor', 'Rulton', 'Turneaux', 'mturneaux3t@cyberchimps.com', '9011cde6d2aa0b1d5adf690a14536e1f', 'https://robohash.org/minimautlaboriosam.bmp?size=50x50&set=set1', '120-319-7512'),
(3, 1, '10-6186004', 'Inigo', 'Sydelle', 'Adran', 'Corbitt', 'scorbitt3u@ow.ly', '918f5ba1e5f626b13771130b1d77dea9', 'https://robohash.org/itaquenihilincidunt.jpg?size=50x50&set=set1', '801-463-7760'),
(3, 2, '56-7318245', 'Nanny', 'Nikkie', 'Chattoe', 'Skinner', 'nskinner3v@blogs.com', 'c694136223f8800902c3684deb7ac7df', 'https://robohash.org/rationeisteperferendis.jpg?size=50x50&set=set1', '490-945-3446'),
(3, 2, '63-6032156', 'Jo', 'Allister', 'Van Eeden', 'Janczewski', 'ajanczewski3w@ft.com', '9b01585af38cc6816c020cf3834755b6', 'https://robohash.org/providentvoluptasvoluptatibus.png?size=50x50&set=set1', '384-994-4916'),
(3, 1, '06-0931627', 'Emiline', 'Emerson', 'Craggs', 'Clewlow', 'eclewlow3x@sun.com', 'a57f683c30bfc77297d38e87ead23110', 'https://robohash.org/voluptatemrepellenduset.bmp?size=50x50&set=set1', '360-344-1983'),
(3, 2, '25-4389094', 'Vince', 'Berthe', 'Wooderson', 'Colbourne', 'bcolbourne3y@wunderground.com', 'eedbce5a8d178fa54d8abbbfd482c1d5', 'https://robohash.org/autcorrupticupiditate.bmp?size=50x50&set=set1', '421-179-5132'),
(3, 2, '28-0292691', 'Yolanda', 'Logan', 'McConnachie', 'Barnwell', 'lbarnwell3z@domainmarket.com', '896f40013d4c20652bc0123209de8e0f', 'https://robohash.org/culpasitet.bmp?size=50x50&set=set1', '839-621-4817'),
(3, 2, '27-0148291', 'Jacky', 'Ardine', 'Martins', 'Labro', 'alabro40@cmu.edu', '59bbd8b72bdaf7faee9ec98e1b74e567', 'https://robohash.org/quibusdameaqueaut.png?size=50x50&set=set1', '563-788-8200'),
(3, 1, '30-3743625', 'Miquela', 'Gates', 'Celier', 'Raoux', 'graoux41@360.cn', '81b9824cb1934b4cf95dda4c953c27bd', 'https://robohash.org/itaqueexnostrum.bmp?size=50x50&set=set1', '290-540-8549'),
(3, 2, '07-3833854', 'Rand', 'Amalie', 'Pendrick', 'Gent', 'agent42@google.nl', '907efe7b627a2a463b984bf87f160ab6', 'https://robohash.org/omnisetnon.bmp?size=50x50&set=set1', '702-920-0829'),
(3, 2, '18-1315585', 'Harmon', 'Noel', 'Iacavone', 'Slaughter', 'nslaughter43@nydailynews.com', 'e8e08c4e019fe2798de6874bd7e3b6f8', 'https://robohash.org/dolorteneturdoloribus.bmp?size=50x50&set=set1', '219-750-9912'),
(3, 2, '38-2975957', 'Harper', 'Cherey', 'Tebboth', 'Morfett', 'cmorfett44@alibaba.com', '07fea96ed39bcd06bacd1854bb6e3073', 'https://robohash.org/perspiciatisutmolestiae.jpg?size=50x50&set=set1', '850-680-1462'),
(3, 1, '77-5879668', 'Ariadne', 'Traci', 'Croney', 'Smitheman', 'tsmitheman45@cpanel.net', 'f77a92fd1a4e9c0ff9f3bcd975e294e9', 'https://robohash.org/quasperspiciatisquasi.jpg?size=50x50&set=set1', '251-575-7581'),
(3, 1, '84-7300848', 'Tabina', 'Renate', 'Smitham', 'Slaten', 'rslaten46@hhs.gov', '014f0592e556d451b21dca384b4fd7c9', 'https://robohash.org/quietsint.bmp?size=50x50&set=set1', '835-867-6905'),
(3, 2, '64-2514312', 'Delia', 'Leopold', 'Crennan', 'Dunsleve', 'ldunsleve47@phpbb.com', '856e594aa34dc43b8aee5dfb893742b0', 'https://robohash.org/molestiaeinneque.png?size=50x50&set=set1', '395-225-4685'),
(3, 1, '75-9136093', 'Micky', 'Wanda', 'Semeniuk', 'Dunning', 'wdunning48@sciencedaily.com', '872406b0a600650612190b39d2266b28', 'https://robohash.org/aliasvoluptatumquia.png?size=50x50&set=set1', '980-666-0505'),
(3, 2, '91-4432391', 'Dominique', 'Blair', 'Lumb', 'Laherty', 'blaherty49@dyndns.org', '05d359877d185f37b8f6fb22f3de5915', 'https://robohash.org/dolorequaeerror.png?size=50x50&set=set1', '710-472-7000'),
(3, 1, '04-0049749', 'Rodolph', 'Joel', 'Reaveley', 'Zapater', 'jzapater4a@home.pl', '6bd269beb6c2502a6829c811cbe22d86', 'https://robohash.org/eosnamqui.bmp?size=50x50&set=set1', '404-497-1370'),
(3, 1, '24-3882951', 'Amara', 'Ailey', 'Jerdein', 'Legh', 'alegh4b@virginia.edu', '5810d3a18b8687481f1599079590896a', 'https://robohash.org/quonemomodi.jpg?size=50x50&set=set1', '310-848-3048'),
(3, 2, '92-7172180', 'Tanya', 'Olin','Brollachain', 'Withinshaw', 'owithinshaw4c@salon.com', '6ce29e85c6b41aaee706963848d6bd30', 'https://robohash.org/corruptiomniset.bmp?size=50x50&set=set1', '581-894-6469'),
(3, 2, '82-4689166', 'Lolly', 'Stanwood', 'Blois', 'Swindon', 'sswindon4d@prnewswire.com', '3038cce724bc3e0ee18b54b75f3a8951', 'https://robohash.org/harumutexpedita.png?size=50x50&set=set1', '159-112-5977'),
(3, 1, '62-3260522', 'Eda', 'Kelby', 'Nethercott', 'Esmead', 'kesmead4e@csmonitor.com', '7ea7da98ed98bdf3b20fab6e83199c37', 'https://robohash.org/expeditanonblanditiis.jpg?size=50x50&set=set1', '167-787-5701'),
(3, 2, '57-1136634', 'Anna-diana', 'Kincaid', 'Liell', 'Crockett', 'kcrockett4f@slate.com', '945bd069e48d8426739a3956ae569871', 'https://robohash.org/quaeratquirepudiandae.bmp?size=50x50&set=set1', '216-532-9997'),
(3, 2, '94-5942124', 'Erma', 'Chuck', 'Yeatman', 'Dobel', 'cdobel4g@zdnet.com', '48940d5fe679573a25f948d8efa292d8', 'https://robohash.org/eaquequaeratinventore.jpg?size=50x50&set=set1', '192-822-2912'),
(3, 1, '49-5761806', 'Wallis', 'Raf', 'Greenman', 'Chestney', 'rchestney4h@live.com', '8fb620028ee7d308afe5330d785c4edd', 'https://robohash.org/sitaccusamussint.jpg?size=50x50&set=set1', '545-866-4419'),
(3, 1, '49-8833181', 'Cinnamon', 'Godwin', 'Andreasson', 'Pidgeley', 'gpidgeley4i@biblegateway.com', 'ec1f03d040d678e3c62ed42d58637af5', 'https://robohash.org/exercitationemipsumdolor.png?size=50x50&set=set1', '405-857-1560'),
(3, 1, '60-4641336', 'Viviana', 'Hugo', 'Hedan', 'Ciccotto', 'hciccotto4j@berkeley.edu', 'cf38d9723af4315f94c597c81603dad0', 'https://robohash.org/omnisquisconsequuntur.jpg?size=50x50&set=set1', '599-641-0477'),
(3, 1, '13-7414241', 'Elroy', 'Hyacinthie', 'Kings', 'Lampkin', 'hlampkin4k@state.gov', 'e3daa608a379eaddb6dbe34d48cc9415', 'https://robohash.org/atdoloribusculpa.bmp?size=50x50&set=set1', '954-885-2049'),
(3, 2, '88-2380882', 'Jodi', 'Zahara', 'Signore', 'Rout', 'zrout4l@prnewswire.com', '8298adc1401716db2007c399517e6319', 'https://robohash.org/etquoaut.png?size=50x50&set=set1', '999-389-2403'),
(3, 1, '51-5102078', 'Doro', 'Fairleigh', 'Zannotti', 'Scade', 'fscade4m@dmoz.org', 'ed77d8cc1f6aab72a2f8a1cb4a486107', 'https://robohash.org/quamautemsequi.png?size=50x50&set=set1', '699-578-0864'),
(3, 1, '36-7150375', 'Ewen', 'Itch', 'Foulsham', 'Bru', 'ibru4n@hhs.gov', '2e49d3504453d21fc24071cdd93a1106', 'https://robohash.org/cupiditatesuntsed.bmp?size=50x50&set=set1', '976-506-3640'),
(3, 1, '26-4515766', 'Moyna', 'Britte', 'Keemer', 'Estick', 'bestick4o@google.co.jp', '8e4985925f5ae3a8270b498905e72b74', 'https://robohash.org/asperioresquiet.bmp?size=50x50&set=set1', '536-796-3757'),
(3, 1, '82-0921028', 'Lavinie', 'Eleen', 'Hulme', 'Dallywater', 'edallywater4p@issuu.com', 'e6da3d5e584addfb65f06bba896e12ee', 'https://robohash.org/ipsamofficiistempore.jpg?size=50x50&set=set1', '293-949-1084'),
(3, 1, '09-9551819', 'Horatia', 'Zacharia', 'Pearlman', 'Toffel', 'ztoffel4q@pcworld.com', '61676b13bdb8c36054fb56abf312d9f8', 'https://robohash.org/inciduntmagnamdeleniti.jpg?size=50x50&set=set1', '712-493-4089'),
(3, 2, '31-4533056', 'Davide', 'Charleen', 'St Leger', 'Gaunt', 'cgaunt4r@google.com', 'cd246c8c5c78f83b32dba8bf4f0b1ab3', 'https://robohash.org/nisirationedolorum.png?size=50x50&set=set1', '495-498-8046'),
(3, 2, '18-8485877', 'Alicia', 'Brandtr', 'Nickerson', 'Maltman', 'bmaltman4s@wufoo.com', 'e7db7e71e8465068636805ed3111f71c', 'https://robohash.org/vitaereprehenderitoptio.png?size=50x50&set=set1', '663-115-8474'),
(3, 1, '58-3672638', 'Olivette', 'Conrad', 'Odde', 'Dinnies', 'cdinnies4t@vk.com', 'dcc13757db0dd648ac62b1035ce81d41', 'https://robohash.org/estsuscipiteius.png?size=50x50&set=set1', '619-526-2966'),
(3, 1, '47-2619580', 'Jock', 'Maegan', 'Schorah', 'Baswall', 'mbaswall4u@posterous.com', '4f3580a74647e0506df7f6bb5367885a', 'https://robohash.org/maioresmolestiaeest.jpg?size=50x50&set=set1', '880-702-3643'),
(3, 2, '38-9319756', 'Ailee', 'Modesta','Fogarty', 'Raffin', 'mraffin4v@nature.com', '4846c6e04c9b17131368d9082268b51b', 'https://robohash.org/doloremmollitiaqui.bmp?size=50x50&set=set1', '550-807-1218'),
(3, 1, '14-5201914', 'Chev', 'Angy', 'Siggs', 'Cosans', 'acosans4w@ebay.com', 'd984adba615c12d14ef52dcb07ef95af', 'https://robohash.org/estetaccusamus.png?size=50x50&set=set1', '337-730-4618'),
(3, 1, '36-3050664', 'Jammal', 'Chilton', 'Cockell', 'Dahmke', 'cdahmke4x@istockphoto.com', 'b2fd52dee644045d34caaf68daebe2a1', 'https://robohash.org/utoptioreprehenderit.png?size=50x50&set=set1', '225-978-8859'),
(3, 2, '01-0104645', 'Truman', 'Juieta', 'Smaridge', 'Chetwynd', 'jchetwynd4y@altervista.org', 'f4c8466ac89aaf1907171fcf0a30b132', 'https://robohash.org/etfaceremagnam.png?size=50x50&set=set1', '983-417-4101'),
(3, 1, '96-3944692', 'Raimundo', 'Imogene', 'Wescott', 'Hudd', 'ihudd4z@globo.com', '1a2a558ec4315a143d24db86a95a88f6', 'https://robohash.org/estlaudantiumqui.jpg?size=50x50&set=set1', '210-302-2992'),
(3, 1, '62-5137625', 'Jemima', 'Delilah', 'Noar', 'Obal', 'dobal50@admin.ch', 'f36fec7b9e2c0655f919f9dfb5015488', 'https://robohash.org/vitaeauteos.jpg?size=50x50&set=set1', '246-609-7739'),
(3, 1, '91-8203859', 'Kristien', 'Brewer', 'Monte', 'Kurth', 'bkurth51@webnode.com', 'b06294eefac9a513b584bdb6d6d9ac73', 'https://robohash.org/idullamsit.bmp?size=50x50&set=set1', '488-972-7468'),
(3, 1, '35-6276996', 'Renault', 'Harlen', 'Saladine', 'Coviello', 'hcoviello52@narod.ru', '8757757bbaab18b25ec5a3117445f74e', 'https://robohash.org/etetneque.jpg?size=50x50&set=set1', '150-534-2130'),
(3, 2, '14-8561407', 'Emelita', 'Nichol', 'Mariner', 'Dallimore', 'ndallimore53@squarespace.com', '73e3c1b5e93ed88493072d1c9c747789', 'https://robohash.org/sednobisquibusdam.png?size=50x50&set=set1', '922-547-6439'),
(3, 2, '14-8888667', 'Torey', 'Beverly', 'Fishbie', 'Peepall', 'bpeepall54@networksolutions.com', 'ddc2fad4bdcba27ba549f36e026a7c2c', 'https://robohash.org/estessetempore.png?size=50x50&set=set1', '840-540-7205'),
(3, 1, '56-5296286', 'Georgianne', 'Desiree', 'Bamlet', 'Braybrooke', 'dbraybrooke55@thetimes.co.uk', 'f60adb6f0cedb75d42d34b65beaaa2c5', 'https://robohash.org/autquidicta.png?size=50x50&set=set1', '121-320-1800'),
(3, 2, '83-8401137', 'Analise', 'Leanor', 'Caulder', 'Maharey', 'lmaharey56@alexa.com', '6a1264b574645c3825ccc9ae4cca439c', 'https://robohash.org/velhicdolorem.bmp?size=50x50&set=set1', '367-654-2464'),
(3, 2, '26-3393939', 'Lin', 'Tann', 'Woffinden', 'Sandars', 'tsandars57@symantec.com', 'd193d7fb19190cd1136acc322466f5a4', 'https://robohash.org/delectusaliaslabore.png?size=50x50&set=set1', '179-987-3589'),
(3, 2, '83-4704055', 'Shelden', 'Yehudit', 'Tessington', 'Ramalho', 'yramalho58@washingtonpost.com', '2cffd8d27e07fd33567058e5843829a5', 'https://robohash.org/rerumconsequunturmagnam.png?size=50x50&set=set1', '588-154-7376'),
(3, 1, '14-6075116', 'Meridel', 'Ira', 'Gendrich', 'Rojel', 'irojel59@cornell.edu', '607588c585fdc0b78989cd3e52f0f33a', 'https://robohash.org/atautin.jpg?size=50x50&set=set1', '439-152-9104'),
(3, 2, '98-5517000', 'Lucinda', 'Levon', 'Thripp', 'Bramo', 'lbramo5a@stanford.edu', 'bb6d8eca6e6d19566058b8ff4df855bb', 'https://robohash.org/temporibusquisit.jpg?size=50x50&set=set1', '909-562-4948'),
(3, 2, '32-5949246', 'Ase', 'Marion', 'Davage', 'Escoffier', 'mescoffier5b@cbsnews.com', 'c662a0a7fea3d300f0b5c7aeb54c0028', 'https://robohash.org/nesciuntdeseruntsaepe.png?size=50x50&set=set1', '715-516-2492'),
(3, 2, '42-3468655', 'Cristen', 'Corrie', 'Fauguel', 'McAmish', 'cmcamish5c@apache.org', '56f5c7ad0fd130399d9212cde7e24b81', 'https://robohash.org/enimsinteos.jpg?size=50x50&set=set1', '731-272-1566'),
(3, 2, '33-5500320', 'Gerrie', 'Corina', 'Imlen', 'Moneypenny', 'cmoneypenny5d@t.co', '0866fffe34c14b3e9fc9699ba6a0de09', 'https://robohash.org/ettemporibusquam.jpg?size=50x50&set=set1', '520-806-7223'),
(3, 2, '08-6612757', 'Lennard', 'Grantham', 'Millett', 'Ouchterlony', 'gouchterlony5e@walmart.com', '27757faffeeec7555247f1ecc5374f64', 'https://robohash.org/earumvoluptaslabore.jpg?size=50x50&set=set1', '301-336-0175'),
(3, 1, '26-2157369', 'Derward', 'Base', 'Mewis', 'Gascoyen', 'bgascoyen5f@360.cn', 'cd1f90eabd166800b05e0fa7aced2773', 'https://robohash.org/autemdistinctioenim.jpg?size=50x50&set=set1', '633-405-9450'),
(3, 2, '32-3821199', 'Jarad', 'Shay', 'Sturgess', 'Huddlestone', 'shuddlestone5g@cnn.com', 'e7b276d709f3771dd5b68f84b792309c', 'https://robohash.org/etmolestiaeaspernatur.bmp?size=50x50&set=set1', '267-849-2663'),
(3, 1, '12-9375890', 'Elias', 'Cordey', 'Wilford', 'Henriet', 'chenriet5h@misena.edu.co', 'e658871661c37feb7a2521467727887e', 'https://robohash.org/quinecessitatibusunde.jpg?size=50x50&set=set1', '347-788-2359'),
(3, 1, '61-5840285', 'Cly', 'Alissa', 'Omar', 'Jankin', 'ajankin5i@zimbio.com', '4c5c7a60dc6c7d236f9ee9233e083f6c', 'https://robohash.org/nonaliassuscipit.jpg?size=50x50&set=set1', '341-144-1912'),
(3, 2, '49-8842411', 'Land', 'Marrilee', 'Varlow', 'Shillam', 'mshillam5j@tamu.edu', '9b949079b4f8c53e6497d01af674a357', 'https://robohash.org/quasieummolestias.png?size=50x50&set=set1', '618-640-9906'),
(3, 2, '28-6971656', 'Abie', 'Wilow', 'Viscovi', 'Seys', 'wseys5k@smugmug.com', '68af1e939a4dec826338e94072690fc4', 'https://robohash.org/modiveniamexpedita.jpg?size=50x50&set=set1', '920-988-7325'),
(3, 2, '19-2417436', 'Elihu', 'Dorey', 'Foulcher', 'Spinozzi', 'dspinozzi5l@sciencedaily.com', '50774203086226ef66c14b39fbd35972', 'https://robohash.org/voluptatumutvel.bmp?size=50x50&set=set1', '303-140-8378'),
(3, 2, '41-5014808', 'Dyna', 'Annemarie', 'Padefield', 'Loxly', 'aloxly5m@mysql.com', 'd9206421a48b6d6f2ff658083891f61f', 'https://robohash.org/doloremculpaquia.png?size=50x50&set=set1', '357-667-2652'),
(3, 1, '30-2813995', 'Bliss', 'Johnny', 'Rate', 'Fernihough', 'jfernihough5n@phoca.cz', '82613f6ba7a20cda198e8bb026de90f1', 'https://robohash.org/cumquearchitectorerum.jpg?size=50x50&set=set1', '817-978-2694'),
(3, 2, '59-9314544', 'Rance', 'Annadiane', 'Keggins', 'Casiero', 'acasiero5o@paypal.com', 'dcf7564dc95f122ecc7c385f0981c152', 'https://robohash.org/repellendusminimaest.bmp?size=50x50&set=set1', '497-494-9969'),
(3, 2, '33-3000498', 'Jard', 'Minna', 'Stoner', 'Sutliff', 'msutliff5p@bigcartel.com', 'bbab0d77b6fbbe55e3565499adca0df7', 'https://robohash.org/repudiandaecorporisqui.bmp?size=50x50&set=set1', '701-367-1770'),
(3, 2, '88-3830044', 'Alyss', 'Padraig', 'Paolino', 'Pirazzi', 'ppirazzi5q@fotki.com', '966065c5e838323ba33b9eb73700986d', 'https://robohash.org/consecteturomnisminima.png?size=50x50&set=set1', '389-748-5705'),
(3, 2, '52-0487755', 'Nanete', 'Trista', 'Tebbut', 'Izacenko', 'tizacenko5r@theguardian.com', '3c2bf0f9b2f0b909b6d5fbf40a0a3a8e', 'https://robohash.org/iustorationedelectus.bmp?size=50x50&set=set1', '775-784-9239'),
(3, 2, '09-9446787', 'Muriel', 'Gabi', 'Gavahan', 'Sheals', 'gsheals5s@posterous.com', '584aca4ff981f3127765f8298b1298c7', 'https://robohash.org/estinqui.jpg?size=50x50&set=set1', '881-676-8126'),
(3, 2, '88-0265899', 'Johnny', 'Kiley', 'Godin', 'Kos', 'kkos5t@digg.com', '65ac4bcf7974eb7e43a1c51556b32af6', 'https://robohash.org/quiavelitut.jpg?size=50x50&set=set1', '512-112-0796'),
(3, 1, '04-1453501', 'Keri', 'Demetri', 'Clutton', 'MacCaghan', 'dmaccaghan5u@telegraph.co.uk', 'fc060f0c89628d9a672e9ae7e2ad5070', 'https://robohash.org/consequunturdictacumque.jpg?size=50x50&set=set1', '687-125-2754'),
(3, 1, '44-9934037', 'Molli', 'Phillipp', 'Crannach', 'Higgonet', 'phiggonet5v@epa.gov', '76c1ec7a2ed0c7d221bc64d32b361958', 'https://robohash.org/ametquiid.bmp?size=50x50&set=set1', '295-705-1730'),
(3, 2, '93-4879001', 'Julius', 'Theresita', 'Liepina', 'Caselli', 'tcaselli5w@live.com', 'a26ce3f3aca9fc08ef4589cb657c1059', 'https://robohash.org/praesentiumplaceata.bmp?size=50x50&set=set1', '714-430-1366'),
(3, 1, '17-1017399', 'Hagen', 'Paco', 'Hadwen', 'Furmonger', 'pfurmonger5x@dell.com', 'e938342befea4160dcaa5d1046ac8fbe', 'https://robohash.org/temporibusitaqueamet.bmp?size=50x50&set=set1', '938-353-1924'),
(3, 2, '01-9501171', 'Jordon', 'Marabel', 'Arkill', 'Girtin', 'mgirtin5y@mashable.com', 'a019a003aa49424265cf35f031e06e44', 'https://robohash.org/earumetsaepe.png?size=50x50&set=set1', '431-201-0299'),
(3, 2, '34-6658995', 'Wallis', 'Caryl', 'Gligoraci', 'Godin', 'cgodin5z@nationalgeographic.com', '80ab11d8b030e51440cc0160e8609f5f', 'https://robohash.org/inventoredebitisincidunt.jpg?size=50x50&set=set1', '515-982-1972'),
(3, 2, '75-6296760', 'Sydelle', 'Didi', 'Kubicek', 'McGaw', 'dmcgaw60@imgur.com', 'f997463e5d1a0b12db61a5b484c335d5', 'https://robohash.org/evenietdoloranimi.jpg?size=50x50&set=set1', '317-749-9958'),
(3, 1, '76-6381760', 'Dasha', 'Jacinthe', 'Heck', 'Mathwen', 'jmathwen61@umn.edu', '08cdcfb9b07cafd7d05e5fa15220659c', 'https://robohash.org/expeditarerumpariatur.jpg?size=50x50&set=set1', '524-925-1422'),
(3, 1, '45-3449212', 'Wolfie', 'Miner', 'Hause', 'Readwin', 'mreadwin62@hexun.com', '2960bfac055dbb24fdce7d440e7a0e0d', 'https://robohash.org/placeattemporibustempore.png?size=50x50&set=set1', '668-899-3169'),
(3, 2, '05-6637021', 'Debra', 'Bonny', 'Bowstead', 'Lavens', 'blavens63@google.ca', '4e01a12293a04f7d72f0ab62bd81488a', 'https://robohash.org/impeditestsit.png?size=50x50&set=set1', '847-983-1410'),
(3, 2, '64-2573448', 'Caz', 'Janey', 'Lies', 'Grindell', 'jgrindell64@msn.com', 'c49677c95c5ab0e681b245d96b5a291f', 'https://robohash.org/impeditdolorumomnis.png?size=50x50&set=set1', '688-390-5476'),
(3, 2, '44-1403627', 'Hercule', 'Kalina', 'Layus', 'Du Plantier', 'kduplantier65@so-net.ne.jp', 'a165d49ea8703a4d83295f94c36d83fe', 'https://robohash.org/utautfugit.jpg?size=50x50&set=set1', '402-996-7890'),
(3, 1, '45-9596811', 'Sybila', 'Shanda', 'Dooman', 'Riggey', 'sriggey66@cam.ac.uk', '1a0dfddeb708e18e7382ec2f351dcaa4', 'https://robohash.org/incidunttemporibusquod.bmp?size=50x50&set=set1', '651-907-8066'),
(3, 1, '15-3135257', 'Vivyanne', 'Gerry', 'Teanby', 'Suttle', 'gsuttle67@who.int', '12fe3e30123669da7a27866ef6282322', 'https://robohash.org/dignissimosnonpossimus.bmp?size=50x50&set=set1', '398-859-1917'),
(3, 1, '97-4890138', 'Lynda', 'Isidro', 'Busain', 'Mayoh', 'imayoh68@ucoz.com', '63a0f4c30538cbc50eb7c7dd9fbf5551', 'https://robohash.org/minimanumquamtempore.jpg?size=50x50&set=set1', '838-713-0677'),
(3, 2, '64-3086388', 'Mikol', 'Desiri', 'Grestie', 'Cuttles', 'dcuttles69@businessinsider.com', '1e52ec6a8e3798b0fbd398212ff5cbff', 'https://robohash.org/estnesciuntnecessitatibus.bmp?size=50x50&set=set1', '719-829-2789'),
(3, 2, '47-7971601', 'Constantin', 'Nerti', 'Sellack', 'Riccio', 'nriccio6a@weibo.com', 'bed49aa3d9b651fc5511b54c70d7bfb9', 'https://robohash.org/doloresexpeditaquod.png?size=50x50&set=set1', '834-292-2558'),
(3, 2, '78-4899895', 'Pennie', 'Terza', 'Giorgio', 'Vearncombe', 'tvearncombe6b@shutterfly.com', 'b52a3a3ce765d92a910188f1c3b6dd25', 'https://robohash.org/utoccaecatiet.jpg?size=50x50&set=set1', '627-807-7848'),
(3, 2, '09-6869302', 'Arlen', 'Rayshell', 'Pandya', 'Leadbeater', 'rleadbeater6c@rambler.ru', 'b014b36dfeba5ddc3c72a54a51e6146f', 'https://robohash.org/vitaeveroet.png?size=50x50&set=set1', '108-439-9729'),
(3, 1, '50-9946267', 'Brok', 'Miller', 'Road', 'Broader', 'mbroader6d@last.fm', 'f24d7cf7db3405a7fe89e8b512035221', 'https://robohash.org/repudiandaedoloremconsectetur.png?size=50x50&set=set1', '449-938-2618'),
(3, 2, '93-1525753', 'Helena', 'Randie', 'Halegarth', 'Rait', 'rrait6e@dion.ne.jp', '539faa0d9959e8e89ed3f0156946e917', 'https://robohash.org/doloremetsit.jpg?size=50x50&set=set1', '496-202-5129'),
(3, 2, '86-4139412', 'Chiquia', 'Fernanda', 'Loach', 'Lavrinov', 'flavrinov6f@ebay.com', '8e29249da3283750f55027fef7754dd7', 'https://robohash.org/voluptatibusdignissimosad.jpg?size=50x50&set=set1', '868-761-9182'),
(3, 2, '87-5271924', 'Dulcie', 'Giulia', 'Zink', 'Saylor', 'gsaylor6g@baidu.com', 'b3c18d4fb14d12093f208caac7bc6815', 'https://robohash.org/beataedolorespraesentium.jpg?size=50x50&set=set1', '821-749-6138'),
(3, 2, '77-6882085', 'Ailina', 'Mirella', 'Skoate', 'Remington', 'mremington6h@digg.com', '83c3195150787c2b30870014eb346109', 'https://robohash.org/reprehenderitadipiscipossimus.jpg?size=50x50&set=set1', '869-789-2842'),
(3, 1, '13-3513967', 'Flore', 'Jackie', 'Eves', 'Jandera', 'jjandera6i@ow.ly', 'bf828034ba207af0bcbcc335c95b6b7f', 'https://robohash.org/natusreiciendisdignissimos.jpg?size=50x50&set=set1', '639-387-9458'),
(3, 2, '45-6585124', 'Thaddeus', 'Tailor', 'Purdom', 'Bluschke', 'tbluschke6j@wordpress.org', '1c0970ba196f2b63c06fe8d0b042d798', 'https://robohash.org/quasdoloribustenetur.bmp?size=50x50&set=set1', '970-801-7679'),
(3, 2, '98-5667333', 'Aliza', 'Dominga', 'Rising', 'Keher', 'dkeher6k@gnu.org', 'a90e103be39913333fe139b3c74cf5f2', 'https://robohash.org/pariaturestet.png?size=50x50&set=set1', '252-689-5465'),
(3, 1, '40-4427035', 'Selestina', 'Lisette', 'Caplis', 'Hackelton', 'lhackelton6l@t.co', 'fa139419ef6843242bf7f4635902a4e3', 'https://robohash.org/exverosoluta.jpg?size=50x50&set=set1', '338-467-1436'),
(3, 1, '22-2088476', 'Matias', 'Tonnie', 'Rehm', 'Rossiter', 'trossiter6m@scientificamerican.com', 'fb79702100853f7fe0cefc73efa90c90', 'https://robohash.org/etquisquamarchitecto.png?size=50x50&set=set1', '349-257-2991'),
(3, 2, '90-3781522', 'Jabez', 'Kain', 'Blewett', 'Parren', 'kparren6n@ebay.com', '545941d6345935f822f99aaafd65eab5', 'https://robohash.org/molestiaenihilofficiis.png?size=50x50&set=set1', '405-378-1459'),
(3, 1, '02-5623160', 'Cass', 'Zorah', 'Mityukov', 'Delieu', 'zdelieu6o@seesaa.net', 'dde17315d160a73b11f9c6d9062732ce', 'https://robohash.org/nihilplaceatfugit.bmp?size=50x50&set=set1', '223-580-5636'),
(3, 2, '74-2317885', 'Waiter', 'Aurlie', 'Lipman', 'Tomasek', 'atomasek6p@nymag.com', 'ab95df7a64e8a0c8c44f7b0a731bdcb3', 'https://robohash.org/suscipitearumeveniet.jpg?size=50x50&set=set1', '488-430-2731'),
(3, 2, '74-9024099', 'Corny', 'Bernarr', 'Ritelli', 'Gidney', 'bgidney6q@de.vu', '33d20b1ed92b5f6c6b0ac942d6e1d625', 'https://robohash.org/autemvellabore.png?size=50x50&set=set1', '814-119-0929'),
(3, 1, '35-3870606', 'Dulcie', 'Eadmund', 'Welham', 'Etter', 'eetter6r@nymag.com', 'a2c3900059f124fe8477fb941bc29f58', 'https://robohash.org/enimautreprehenderit.png?size=50x50&set=set1', '440-461-3631'),
(3, 2, '69-9886868', 'Bing', 'Terrill', 'Jeenes', 'Stanlake', 'tstanlake6s@artisteer.com', '661258a85ac0441c6528dc7c84e42d35', 'https://robohash.org/aliquidvoluptatesnon.jpg?size=50x50&set=set1', '364-952-4352'),
(3, 2, '24-5915237', 'Ottilie', 'Nellie', 'Rubberts', 'Hambidge', 'nhambidge6t@biglobe.ne.jp', '2b36549cbdb2a2298d97ba20cade5a68', 'https://robohash.org/cumquenullaasperiores.bmp?size=50x50&set=set1', '245-695-7056'),
(3, 1, '20-6244760', 'Datha', 'Filmer', 'Leroy', 'Scampion', 'fscampion6u@fastcompany.com', '3cdb5b07b4a89adab91fd76597530c87', 'https://robohash.org/nisiperspiciatisearum.png?size=50x50&set=set1', '949-178-8350'),
(3, 2, '89-4269778', 'Zia', 'Hally', 'Bonnyson', 'Dockreay', 'hdockreay6v@163.com', 'e511b676a620f968d2c013f807301b20', 'https://robohash.org/eumdelectusreprehenderit.bmp?size=50x50&set=set1', '696-449-3319'),
(3, 1, '57-6349942', 'Rene', 'Sherri', 'Gillebert', 'Mawdsley', 'smawdsley6w@163.com', 'c7c8b245d7d3961ddb0fd411473e2a88', 'https://robohash.org/eaqueautqui.png?size=50x50&set=set1', '271-806-8719'),
(3, 1, '66-1809200', 'Dorita', 'Nanon', 'Saffran', 'Fraschini', 'nfraschini6x@arstechnica.com', 'c11eb55f3a8e4156fc525043c8f258a0', 'https://robohash.org/dignissimosodiodebitis.jpg?size=50x50&set=set1', '455-559-2902'),
(3, 1, '70-9072451', 'Patience', 'Johannes', 'Silcox', 'Glynne', 'jglynne6y@list-manage.com', '0a4de99e802f5a1fe08d2744f780d55c', 'https://robohash.org/velitveritatiscommodi.bmp?size=50x50&set=set1', '194-856-1502'),
(3, 1, '10-6210862', 'Josey', 'John', 'Ryce', 'Haggerty', 'jhaggerty6z@disqus.com', '86bfc709a779cb9b11a404a280aeb04b', 'https://robohash.org/explicabomoditenetur.jpg?size=50x50&set=set1', '958-408-3918'),
(3, 2, '76-6072520', 'Georg', 'Lorrin', 'Gristhwaite', 'Angerstein', 'langerstein70@umich.edu', 'a81272c66a4fad33098d0acfd5c92eae', 'https://robohash.org/quasienimnesciunt.png?size=50x50&set=set1', '800-153-1546'),
(3, 1, '12-9456588', 'Lori', 'Maurie', 'Cordelet', 'Winteringham', 'mwinteringham71@mediafire.com', '629eac07f734c46f32de927f7e8185ab', 'https://robohash.org/autquidistinctio.bmp?size=50x50&set=set1', '380-438-6560'),
(3, 2, '62-7543063', 'Rahal', 'Tymon', 'Huston', 'Dome', 'tdome72@behance.net', 'a0db166a0a29300e50949dfc0b95b122', 'https://robohash.org/illumaspernaturdolor.png?size=50x50&set=set1', '878-324-2667'),
(3, 2, '36-6946531', 'Pietrek', 'Kerrie', 'Esp', 'Augar', 'kaugar73@de.vu', '35e26af1acb9bc4616403c603dd3d8cf', 'https://robohash.org/evenietomnisiusto.png?size=50x50&set=set1', '697-721-2438'),
(3, 2, '25-2674516', 'Ephrem', 'Sara-ann', 'Tossell', 'Franklen', 'sfranklen74@npr.org', 'ad52b5431fb342ff3813a0e44674d541', 'https://robohash.org/doloresain.bmp?size=50x50&set=set1', '925-203-1048'),
(3, 2, '12-1892944', 'Ailee', 'Clemmie', 'Teers', 'Millington', 'cmillington75@japanpost.jp', '6a695a26091091d3635819d4b126bd23', 'https://robohash.org/repellatcorporisrepudiandae.bmp?size=50x50&set=set1', '525-601-5943'),
(3, 1, '71-7044026', 'Morrie', 'Carmelia', 'Yetman', 'Bromby', 'cbromby76@reverbnation.com', '8cdf635c2d4fadfc4829fb6b76dec86b', 'https://robohash.org/cumqueminimaest.jpg?size=50x50&set=set1', '165-472-3959'),
(3, 1, '09-6980671', 'Jillayne', 'Vikki', 'Dood', 'Ricciardi', 'vricciardi77@myspace.com', '72a1f95772d504445fbbdd83170b754e', 'https://robohash.org/accusantiumdistinctioomnis.jpg?size=50x50&set=set1', '666-686-3952'),
(3, 1, '21-7529220', 'Jillane', 'Parry', 'Edgecumbe', 'Meanwell', 'pmeanwell78@dell.com', '4cf5a349d0b51bac1967edfa79c8b7a1', 'https://robohash.org/omnisutiste.jpg?size=50x50&set=set1', '777-157-1406'),
(3, 2, '56-2529663', 'Charisse', 'Melonie', 'Klimochkin', 'Freund', 'mfreund79@blinklist.com', '7a366d8cf5c9b9277d38605716a6609c', 'https://robohash.org/istequialaborum.bmp?size=50x50&set=set1', '607-797-4947'),
(3, 1, '58-2316280', 'Carlynne', 'Fletch', 'Call', 'Keel', 'fkeel7a@ning.com', 'ad1b59594c519cda7d5413ff06fff79b', 'https://robohash.org/autvoluptasiure.png?size=50x50&set=set1', '230-742-6044'),
(3, 1, '19-7989265', 'Ivonne', 'Dawna', 'Breede', 'Leven', 'dleven7b@networkadvertising.org', '22d9fde028b1e1230a6284ba9f9ee30f', 'https://robohash.org/fugiatpossimusqui.png?size=50x50&set=set1', '566-207-1779'),
(3, 2, '53-0095758', 'Leeanne', 'Winni', 'Hambatch', 'Spawell', 'wspawell7c@google.it', '8cf96cc08621f00a51496157e4bf9541', 'https://robohash.org/odioeligendifugit.bmp?size=50x50&set=set1', '786-683-6744'),
(3, 2, '06-1482033', 'Sollie', 'Olly', 'Kharchinski', 'Kimmerling', 'okimmerling7d@wordpress.com', '8df60b3249fdae443eff2e7748f85e65', 'https://robohash.org/suscipitutquis.jpg?size=50x50&set=set1', '740-847-3970'),
(3, 1, '58-0025504', 'Kaylil', 'Godfry', 'Stainson', 'Irce', 'girce7e@example.com', 'f6174bc99c433d7db903a9eb0043d4df', 'https://robohash.org/quidemfugiatamet.bmp?size=50x50&set=set1', '861-143-2451'),
(3, 1, '84-3965206', 'Ondrea', 'Aylmer', 'Cassar', 'MacCarlich', 'amaccarlich7f@youtube.com', '3cc6bfd935a051e6ef95d3be6c4164d4', 'https://robohash.org/exercitationemquodnulla.bmp?size=50x50&set=set1', '425-777-9571'),
(3, 2, '91-2841754', 'Christabella', 'Mill', 'Leftwich', 'Gledhill', 'mgledhill7g@yahoo.co.jp', '0a9bd238a9768b125e56c7f171256361', 'https://robohash.org/laborumautut.bmp?size=50x50&set=set1', '716-484-5359'),
(3, 1, '92-8321680', 'Bernita', 'Ephrem', 'Tofanini', 'Filippucci', 'efilippucci7h@sogou.com', 'a1397b328787faf42b2f6a9376153266', 'https://robohash.org/maioresautiste.bmp?size=50x50&set=set1', '237-693-9602'),
(3, 2, '09-9379420', 'Luis', 'Lilith', 'Baroc', 'Zamorano', 'lzamorano7i@tripod.com', '5fde7def3cb0d19e5ba6fd2882da2d3f', 'https://robohash.org/veroestfugiat.png?size=50x50&set=set1', '206-783-7084'),
(3, 2, '17-2414770', 'Ximenez', 'Ban', 'Rubrow', 'Bradforth', 'bbradforth7j@irs.gov', '91af02f9cb4ce91e99cc46f794efac44', 'https://robohash.org/asperioresodionisi.png?size=50x50&set=set1', '206-467-2776'),
(3, 1, '24-3435609', 'Madelene', 'Barde', 'Seiller', 'Martinec', 'bmartinec7k@home.pl', '6cdcd3f5740f523c748deb60bcb9a03a', 'https://robohash.org/quisnihilin.bmp?size=50x50&set=set1', '447-184-4191'),
(3, 1, '71-6643799', 'Andreana', 'Bailey', 'Allicock', 'Sawforde', 'bsawforde7l@cocolog-nifty.com', '2a51b67e225078ee2d6bbc7dbebb2be0', 'https://robohash.org/veroeadelectus.bmp?size=50x50&set=set1', '237-459-9577'),
(3, 2, '46-4382614', 'Bearnard', 'Blancha', 'Yaknov', 'Meysham', 'bmeysham7m@cafepress.com', '56be2a407b06a051f4426adb76cbfd21', 'https://robohash.org/isteetducimus.jpg?size=50x50&set=set1', '135-973-3305'),
(3, 1, '91-0949548', 'Jenda', 'Shina', 'McKenney', 'Manass', 'smanass7n@weather.com', '9843b80ffa48302a62dc09532a383ffd', 'https://robohash.org/voluptasdeseruntvoluptatibus.jpg?size=50x50&set=set1', '133-144-3506'),
(3, 1, '54-5616028', 'Ailyn', 'Berry', 'Stables', 'Khristyukhin', 'bkhristyukhin7o@addthis.com', '9309266293af7c14ca22a9c250213f91', 'https://robohash.org/estsitoccaecati.png?size=50x50&set=set1', '432-906-1926'),
(3, 1, '74-2077681', 'Callean', 'Meta', 'Bonwick', 'Denniss', 'mdenniss7p@chronoengine.com', '42876adba795af633964a4b312ea873e', 'https://robohash.org/adeumrepellendus.bmp?size=50x50&set=set1', '824-585-4971'),
(3, 1, '30-7583928', 'Daron', 'Bobbi', 'Cutmere', 'Shutler', 'bshutler7q@nature.com', '0720a30cad0e3f14350bf135cd158595', 'https://robohash.org/doloremquelaboremaiores.bmp?size=50x50&set=set1', '786-296-2618'),
(3, 2, '13-5829108', 'Pacorro', 'Dita', 'Reeman', 'Megany', 'dmegany7r@pbs.org', 'f033eb33d52e7538601b17d89520b643', 'https://robohash.org/doloremreprehenderitipsum.png?size=50x50&set=set1', '726-790-3257'),
(3, 1, '18-8179857', 'Lyman', 'Ermin', 'Bonome', 'Barnett', 'ebarnett7s@comsenz.com', 'c31530c9797bd60528b3edef74ce1d10', 'https://robohash.org/tenetursimiliquetempora.jpg?size=50x50&set=set1', '196-857-6860'),
(3, 1, '73-7372913', 'Sanford', 'Vannie', 'Francke', 'Scimone', 'vscimone7t@tinypic.com', '1b7c700183f9d38476ac398df5e7f34d', 'https://robohash.org/nisietsoluta.bmp?size=50x50&set=set1', '732-328-6921'),
(3, 2, '46-5391304', 'Arthur', 'Jamal', 'Oury', 'Laweles', 'jlaweles7u@usa.gov', 'b870ad99007493f073b3a68d6fff6955', 'https://robohash.org/quaevoluptatemsunt.jpg?size=50x50&set=set1', '409-787-7310'),
(3, 2, '42-2005283', 'Niki', 'Pegeen', 'MacSporran', 'Wase', 'pwase7v@upenn.edu', '11dbc4d4adb9f0acc330334552d3d699', 'https://robohash.org/perferendisvoluptasat.bmp?size=50x50&set=set1', '263-868-9914'),
(3, 2, '36-1997818', 'Lorena', 'Kev', 'Wohlers', 'Gallienne', 'kgallienne7w@i2i.jp', '2d8dedd1defbbf73797175c821c0a7e0', 'https://robohash.org/delenitirerumcumque.png?size=50x50&set=set1', '420-732-8477'),
(3, 1, '62-8340839', 'Carie', 'Trueman', 'Elia', 'Dawtrey', 'tdawtrey7x@weather.com', 'f895e8b19edd2f6ad67ca0b8cd19fbbb', 'https://robohash.org/etistererum.jpg?size=50x50&set=set1', '619-630-5941'),
(3, 1, '23-1208022', 'Rikki', 'Traver', 'Titterington', 'Harridge', 'tharridge7y@abc.net.au', '192056b8a7ac145e3bb49ee09bce086b', 'https://robohash.org/similiqueillumest.jpg?size=50x50&set=set1', '364-511-0122'),
(3, 1, '69-2123784', 'Beatrice', 'Casi', 'Swayte', 'Emtage', 'cemtage7z@ihg.com', 'a2de326b2d1ad375bc7283ab5b941e7b', 'https://robohash.org/nostrumatfacilis.bmp?size=50x50&set=set1', '938-791-2025'),
(3, 1, '84-5079117', 'Hayward', 'Moyra', 'Rudeforth', 'Mulhall', 'mmulhall80@opera.com', 'c53cbc82ddb33ecae682933c1e7bd877', 'https://robohash.org/voluptatemmolestiaefacere.png?size=50x50&set=set1', '516-891-1025'),
(3, 1, '76-3290626', 'Mallory', 'Pamella', 'Nare', 'Curneen', 'pcurneen81@youku.com', 'ab464077781806dbf21e425d2da5bfc1', 'https://robohash.org/recusandaeinciduntvel.png?size=50x50&set=set1', '349-881-1444'),
(3, 1, '21-8222073', 'Hillyer', 'Elane', 'Couvert', 'Latan', 'elatan82@canalblog.com', 'f8bf58a00ec52114e9b1ede1eb9ed7cd', 'https://robohash.org/quisvelimpedit.jpg?size=50x50&set=set1', '155-312-2059'),
(3, 1, '19-9688532', 'Ellie', 'Dot', 'Dyshart', 'Buckingham', 'dbuckingham83@ucoz.ru', '48f48dd808117f1092334b383e97f087', 'https://robohash.org/voluptatumetlibero.bmp?size=50x50&set=set1', '199-116-4089'),
(3, 1, '84-5647820', 'Gay', 'Quillan', 'Hounsom', 'Merwe', 'qmerwe84@goo.ne.jp', '4733f8491f889e8745a602db7e4419f5', 'https://robohash.org/illosequiearum.jpg?size=50x50&set=set1', '128-973-2404'),
(3, 2, '06-5012180', 'Carole', 'Annaliese', 'Salan', 'Beardshaw', 'abeardshaw85@soup.io', '2a2cc560de3edf898d0f8dde31d80d46', 'https://robohash.org/quialiquideos.png?size=50x50&set=set1', '105-880-8349'),
(3, 1, '58-0066776', 'Dorene', 'Jo ann', 'Cormode', 'Naughton', 'jnaughton86@oakley.com', 'b5b93c6a2c3f680f5198a6939ed5a262', 'https://robohash.org/ipsameosdolorem.png?size=50x50&set=set1', '288-275-5234'),
(3, 1, '97-6106618', 'Ced', 'Trev', 'Beste', 'Ivchenko', 'tivchenko87@nps.gov', '801ad91987a582ca43b99f8265700c21', 'https://robohash.org/aliquiddoloribusipsa.jpg?size=50x50&set=set1', '914-918-0749'),
(3, 1, '46-5939791', 'Stevy', 'Karim', 'Willison', 'Lagen', 'klagen88@google.cn', '6cd5e1da9cd63be621e327660d41ddc7', 'https://robohash.org/omnisquialaboriosam.png?size=50x50&set=set1', '218-325-7931'),
(3, 1, '87-8073286', 'Dolorita', 'Kamillah', 'Trevear', 'Mc Mechan', 'kmcmechan89@ca.gov', '645da1f6c9cef6c8a009a70475554060', 'https://robohash.org/impeditquibusdamid.jpg?size=50x50&set=set1', '994-603-9811'),
(3, 1, '16-0335522', 'Asher', 'Dory', 'Lindl', 'Meddick', 'dmeddick8a@bravesites.com', '0c5b62378e91a69298da43bc5c37da51', 'https://robohash.org/reprehenderitnumquameaque.jpg?size=50x50&set=set1', '726-915-5522'),
(3, 2, '25-4484474', 'Fletch', 'Tymon', 'Squire', 'Shoveller', 'tshoveller8b@tripod.com', 'e518ccdaeee4870c8e579299d1b4d7bc', 'https://robohash.org/fugautconsequuntur.bmp?size=50x50&set=set1', '703-620-3184'),
(3, 1, '64-8835185', 'Auguste', 'Jenny', 'Shutler', 'Beccles', 'jbeccles8c@blogs.com', '9f4a56a731c73d4e749470cada7e6d41', 'https://robohash.org/illumconsequunturnumquam.bmp?size=50x50&set=set1', '708-410-4636'),
(3, 1, '40-1005968', 'Sukey', 'Reinaldo', 'Aleso', 'Payler', 'rpayler8d@soundcloud.com', '85f996b557a7fe0e9556cb5c1a3bdade', 'https://robohash.org/quassintest.bmp?size=50x50&set=set1', '488-347-3957'),
(3, 2, '98-0087662', 'Damian', 'Milzie', 'Medeway', 'Spellar', 'mspellar8e@discovery.com', 'eba26241ef494106960f674b55df17a1', 'https://robohash.org/sapientenullaut.jpg?size=50x50&set=set1', '387-593-2886'),
(3, 1, '59-6862576', 'Noelyn', 'Basilius', 'Perllman','Crotty', 'bocrotty8f@wix.com', 'a4664e5ace8b57bc0bf9cfb7af7063b5', 'https://robohash.org/addoloribusaliquid.jpg?size=50x50&set=set1', '699-212-7188'),
(3, 1, '91-9897703', 'Ferdie', 'Barnie', 'Polendine', 'Rosin', 'brosin8g@sbwire.com', 'ee890de63bbd49d4d93b8cbb189a7ba5', 'https://robohash.org/autemullameaque.bmp?size=50x50&set=set1', '369-333-8973'),
(3, 2, '31-1979571', 'Raffarty', 'Garik', 'Attree', 'MacNeill', 'gmacneill8h@sbwire.com', '123b43748b6b0c373a3017593945430c', 'https://robohash.org/ducimusatblanditiis.bmp?size=50x50&set=set1', '626-973-6716'),
(3, 1, '82-9692600', 'Natale', 'Catherin', 'Giannoni', 'Orme', 'corme8i@pinterest.com', 'd140164d1327c1fedb9f325905942945', 'https://robohash.org/quialiquidsaepe.jpg?size=50x50&set=set1', '181-798-4243'),
(3, 1, '53-7834643', 'Willow', 'Bessy', 'Drache', 'Pengelley', 'bpengelley8j@skype.com', 'dc555cdc0fa8bcb1be7e94c4baf2ac6d', 'https://robohash.org/quodsaepeexpedita.bmp?size=50x50&set=set1', '352-676-3041'),
(3, 1, '70-5716015', 'Jayme', 'Shelton', 'Meert', 'Payley', 'spayley8k@godaddy.com', 'efbe0efdeb2377ba0eaa2bf5328c1490', 'https://robohash.org/assumendadignissimosvel.png?size=50x50&set=set1', '555-430-0681'),
(3, 2, '04-5988895', 'Netty', 'Maurie', 'Arnett', 'Seacombe', 'mseacombe8l@joomla.org', 'e4017f109f747dbf4725ba9823dcf1b9', 'https://robohash.org/quisprovidentad.bmp?size=50x50&set=set1', '397-990-4245'),
(3, 2, '40-2321329', 'Guglielmo', 'Millicent', 'Eisold', 'Gjerde', 'mgjerde8m@spotify.com', '2f2a8594800e8f727c8d586976ff2732', 'https://robohash.org/illumtemporibuset.jpg?size=50x50&set=set1', '258-648-6604'),
(3, 2, '91-6563772', 'Chrysler', 'Dulcia', 'Devote', 'Fieldstone', 'dfieldstone8n@myspace.com', 'f2120415cd3803a8abccb4335964bc60', 'https://robohash.org/quassitdoloribus.bmp?size=50x50&set=set1', '470-501-8380'),
(3, 2, '81-9830585', 'Gayler', 'Mariann', 'Jacquemy', 'Gath', 'mgath8o@1und1.de', 'd6a03aa9387f73a71a03bb86a5228c90', 'https://robohash.org/voluptatemnihilautem.jpg?size=50x50&set=set1', '794-543-8634'),
(3, 2, '80-1499094', 'Teddi', 'Anselma', 'Proswell', 'Prendiville', 'aprendiville8p@free.fr', '42943bf31fd586e18e38401a87e5826a', 'https://robohash.org/quosnammagni.bmp?size=50x50&set=set1', '220-257-2200'),
(3, 1, '31-5234984', 'Penrod', 'Erinn', 'Nolan', 'Heyball', 'eheyball8q@squidoo.com', '1d878531d0649bcaab0ea03f31257d6f', 'https://robohash.org/doloresvoluptatemrerum.bmp?size=50x50&set=set1', '571-441-4222'),
(3, 2, '02-2916193', 'Florenza', 'Rozella', 'Raulin', 'Tapper', 'rtapper8r@ebay.co.uk', 'b92cff6b2cf777e9ffc50bdb1d9077fd', 'https://robohash.org/ipsummollitiamodi.png?size=50x50&set=set1', '118-368-3369'),
(3, 1, '97-8729080', 'Rozalie', 'Robinetta', 'Giacoboni', 'Meere', 'rmeere8s@google.cn', '76e56fe55d223373b2445fcc6fc31760', 'https://robohash.org/estaccusamusab.png?size=50x50&set=set1', '690-147-5898'),
(3, 1, '23-1253241', 'Shalom', 'Janette','Crowley', 'Wooton', 'jwooton8t@cdc.gov', '72e05baecd7cbb7f3a9816c41473eaee', 'https://robohash.org/quireiciendisexplicabo.png?size=50x50&set=set1', '608-606-8177'),
(3, 2, '63-2808693', 'Corly', 'Israel', 'Rymour', 'Machen', 'imachen8u@ucoz.com', 'edfec1e752fbacce1f7348b17ed6881d', 'https://robohash.org/similiqueadut.jpg?size=50x50&set=set1', '504-872-2917'),
(3, 2, '86-8685815', 'Anastasia', 'Dory', 'Alford', 'Melendez', 'dmelendez8v@cloudflare.com', '2e5363439f4a43386b2836083ccfff74', 'https://robohash.org/veroquamquis.png?size=50x50&set=set1', '196-710-0380'),
(3, 1, '84-4044717', 'Ardath', 'Ainslie', 'Bohlens', 'Yewen', 'ayewen8w@odnoklassniki.ru', 'e60e01058ef5e6f87c85cb88d58a55e9', 'https://robohash.org/utperferendistotam.jpg?size=50x50&set=set1', '506-380-6398'),
(3, 2, '32-1680742', 'Killian', 'Bernice', 'Tollemache', 'Clague', 'bclague8x@paypal.com', 'd39c57bd6df12bed113c36910d134fa9', 'https://robohash.org/utetdolores.png?size=50x50&set=set1', '191-357-0219'),
(3, 2, '04-7357046', 'Julietta', 'Jessee', 'Luipold', 'Horwell', 'jhorwell8y@ebay.co.uk', '60f69304e4c652e7d4be268c8b39bb98', 'https://robohash.org/nihilcumdignissimos.bmp?size=50x50&set=set1', '222-345-0019'),
(3, 1, '25-7801743', 'Audrye', 'Allx', 'Sturte', 'Chasson', 'achasson8z@imageshack.us', '751722e642232813a2aa8f7773139943', 'https://robohash.org/quasoditdolorem.jpg?size=50x50&set=set1', '513-756-8483'),
(3, 1, '05-9584615', 'Brittne', 'Lizzie', 'Custy', 'Boothebie', 'lboothebie90@google.com.au', '19c23456c9347fd09b953ea92100b47d', 'https://robohash.org/quiaaet.jpg?size=50x50&set=set1', '710-536-0649'),
(3, 2, '74-3696333', 'Alfy', 'Rosita', 'Pavic', 'Ventum', 'rventum91@netvibes.com', '41fe298be76fde318d1cabc798673387', 'https://robohash.org/etilloaperiam.png?size=50x50&set=set1', '386-758-4538'),
(3, 1, '25-1378942', 'Cal', 'Yvor', 'Gaskamp', 'Stummeyer', 'ystummeyer92@topsy.com', 'ef432529d1e5c02c8a0747a83c4b92f8', 'https://robohash.org/aliquidutex.jpg?size=50x50&set=set1', '193-248-9865'),
(3, 2, '71-8016492', 'Ranice', 'Christabella', 'Berzen', 'Soppit', 'csoppit93@geocities.com', '2718a880be4781b522a10b0a116fdc99', 'https://robohash.org/consequaturmaximeoptio.bmp?size=50x50&set=set1', '474-532-8921'),
(3, 1, '37-7683667', 'Townie', 'Douglass', 'Happer', 'Perfitt', 'dperfitt94@cpanel.net', '1dc5cb12a75a0e2533735d8a74854375', 'https://robohash.org/itaqueullamquisquam.bmp?size=50x50&set=set1', '475-276-6917'),
(3, 1, '65-1441033', 'Vasily', 'Willey', 'Helix', 'Yglesia', 'wyglesia95@mediafire.com', 'b61b6acc79efdb4348ec823ebef79a25', 'https://robohash.org/rerumprovidentoccaecati.png?size=50x50&set=set1', '893-187-7690'),
(3, 1, '50-5531342', 'Marcille', 'Moll', 'Wadge', 'Fransemai', 'mfransemai96@nydailynews.com', '0c838ab3857103b5077118dfc4d78061', 'https://robohash.org/ipsamsuntut.jpg?size=50x50&set=set1', '909-253-0540'),
(3, 1, '01-4766466', 'Hilliard', 'Cati', 'Reekie', 'Hing', 'ching97@netvibes.com', 'b46c68dcd13ed8b39850838dd68fe654', 'https://robohash.org/quiperferendismagnam.bmp?size=50x50&set=set1', '536-459-6490'),
(3, 2, '17-9487817', 'Desdemona', 'Keriann', 'Dyzart', 'Levis', 'klevis98@eventbrite.com', '602d75e5e67cb86cce32c9d80e4ac123', 'https://robohash.org/impeditcumad.bmp?size=50x50&set=set1', '786-215-9540'),
(3, 2, '90-9879559', 'Chauncey', 'Lindsay', 'Ayton', 'Crofts', 'lcrofts99@sfgate.com', '9d78017291ecfb5aeaffa6824da942c5', 'https://robohash.org/illovoluptatemitaque.jpg?size=50x50&set=set1', '410-554-5043'),
(3, 1, '00-1450853', 'Diannne', 'Leta', 'Stowers', 'Jermy', 'ljermy9a@europa.eu', 'b299d5d93c386e1cf0a475ccdcf2240b', 'https://robohash.org/autetillum.bmp?size=50x50&set=set1', '203-842-3018'),
(3, 2, '85-0415725', 'Mortie', 'Danya', 'McEvilly', 'Willgress', 'dwillgress9b@exblog.jp', 'de8b5028ddc8e6732342851b9c428ff5', 'https://robohash.org/utomnisfugiat.jpg?size=50x50&set=set1', '664-460-8943'),
(3, 1, '46-5328870', 'Stacee', 'Timmie', 'Hamblington', 'Drewitt', 'tdrewitt9c@51.la', 'ff5e6f4ed907084e2e293a9ba0a39fd8', 'https://robohash.org/autmodiquia.bmp?size=50x50&set=set1', '137-269-0939'),
(3, 1, '00-4448190', 'Irvine', 'Florida', 'Laurens', 'Poser', 'fposer9d@domainmarket.com', '0adbaf2d81c95f97e8ae8aa79fe842c1', 'https://robohash.org/doloremaccusamusblanditiis.png?size=50x50&set=set1', '864-315-3096'),
(3, 1, '47-2901800', 'Catherina', 'Colline', 'Handy', 'Noriega', 'cnoriega9e@wikia.com', 'f56881335008eb9e48411d7ec46047bd', 'https://robohash.org/dictaveniamnumquam.jpg?size=50x50&set=set1', '367-576-9438'),
(3, 1, '40-4516964', 'Sallyann', 'Merlina', 'Padefield', 'Cowie', 'mcowie9f@ox.ac.uk', '80c77fc288195f014809f640754aaa15', 'https://robohash.org/quassolutaeveniet.png?size=50x50&set=set1', '310-503-6601'),
(3, 2, '16-7364437', 'Nahum', 'Edi', 'Slyde', 'McLaren', 'emclaren9g@etsy.com', 'cc7fe848a94e0c017e178835e62d13e9', 'https://robohash.org/isteiurererum.jpg?size=50x50&set=set1', '533-704-4111'),
(3, 2, '30-6921521', 'Hazlett', 'Ketty', 'Sammes', 'Tosney', 'ktosney9h@microsoft.com', '9df66ce79fa83efc4274d842413f3358', 'https://robohash.org/nequeutest.png?size=50x50&set=set1', '965-457-8024'),
(3, 1, '45-8910799', 'Lorrie', 'Sibyl', 'Oldroyde', 'Martinet', 'smartinet9i@pcworld.com', 'caa155b228652b2bf74d1439218d6756', 'https://robohash.org/autautinventore.png?size=50x50&set=set1', '939-173-9448'),
(3, 1, '52-0604996', 'Chloris', 'Phaedra', 'Di Biasi', 'Abbey', 'pabbey9j@list-manage.com', '1cc46d14593ac9de23e7e9a4c5c13ddd', 'https://robohash.org/saepealiquamculpa.png?size=50x50&set=set1', '534-460-6454'),
(3, 1, '72-2993108', 'Holden', 'Darell', 'Jery', 'Spir', 'dspir9k@amazon.co.jp', 'a672d871f7e21eb0699c39d0539e279a', 'https://robohash.org/occaecatimaioresincidunt.png?size=50x50&set=set1', '127-638-0666'),
(3, 2, '72-3339682', 'Early', 'Fairleigh', 'Margerrison', 'Denley', 'fdenley9l@google.com.br', '28cd898341d5cf72367aaa77b9f4be50', 'https://robohash.org/estconsequaturprovident.jpg?size=50x50&set=set1', '500-786-7087'),
(3, 1, '89-2968915', 'Audra', 'Gustavus', 'Balentyne', 'Jina', 'gjina9m@chicagotribune.com', '1c396bc00095ceb1d6b56de7eb900743', 'https://robohash.org/autquiexpedita.bmp?size=50x50&set=set1', '352-909-6945'),
(3, 2, '86-5516559', 'Algernon', 'Hurley', 'Lough', 'Schriren', 'hschriren9n@devhub.com', '47e066caa5ae31ddab1210dfad4d5045', 'https://robohash.org/temporibusestrecusandae.png?size=50x50&set=set1', '865-650-1572'),
(3, 2, '82-0721571', 'Pablo', 'Winna', 'Merrington', 'Thornton', 'wthornton9o@discovery.com', 'b95b9b85c75fa80a223010c42e97eec1', 'https://robohash.org/atquevoluptasmagni.png?size=50x50&set=set1', '839-516-2996'),
(3, 1, '23-7046050', 'Derek', 'Trev', 'McKibben', 'Wathey', 'twathey9p@seesaa.net', 'bfffd9790fd29a4fe2e3d89bdab4c1d4', 'https://robohash.org/repellendusipsamalias.png?size=50x50&set=set1', '777-268-1706'),
(3, 1, '80-4061901', 'Earvin', 'Neville', 'Brennan', 'Satyford', 'nsatyford9q@indiegogo.com', 'a98b09a9266b0327f910b57279a2b3ad', 'https://robohash.org/voluptassimiliquelaboriosam.jpg?size=50x50&set=set1', '658-430-0166'),
(3, 1, '48-8983883', 'Nikolos', 'Nate', 'Tivers', 'Gruby', 'ngruby9r@blinklist.com', '33fe04e9c7516e12ac1ce48f77498aea', 'https://robohash.org/veritatiscorporisesse.jpg?size=50x50&set=set1', '777-306-6513'),
(3, 1, '76-3081136', 'Burr', 'Stewart', 'Durning', 'Fahrenbach', 'sfahrenbach9s@google.fr', '3430bcb2fe149188f7e5d94cc1f387e3', 'https://robohash.org/atvelitconsequuntur.bmp?size=50x50&set=set1', '585-999-2986'),
(3, 1, '97-5623595', 'Brina', 'Stanton', 'Konig', 'Loos', 'sloos9t@soup.io', '446d7029c11584aa620cb6d9a161ee19', 'https://robohash.org/fugiatauthic.png?size=50x50&set=set1', '690-310-3066'),
(3, 2, '82-3549332', 'Barnabas', 'Corey', 'Guarnier', 'McGaffey', 'cmcgaffey9u@scribd.com', '210377d374c2b495c46f7ab99e70d7c0', 'https://robohash.org/inreiciendisomnis.jpg?size=50x50&set=set1', '450-205-4828'),
(3, 1, '07-0220446', 'Lorna', 'Harv', 'Stribling', 'Millar', 'hmillar9v@irs.gov', '1210b64474b8e6c8d18c16c40a4bab31', 'https://robohash.org/nequedolorumsoluta.png?size=50x50&set=set1', '692-425-7712'),
(3, 2, '43-0057575', 'Shannah', 'Lannie', 'Reignard', 'Blant', 'lblant9w@wikispaces.com', '367bd7c5fe90cbe7a0bae0a696b7a3e8', 'https://robohash.org/nullaaccusamusrem.jpg?size=50x50&set=set1', '302-744-7890'),
(3, 1, '59-9925831', 'Paulo', 'Nappie', 'Malbon', 'Tardiff', 'ntardiff9x@psu.edu', '7cf7eab88b04cfa3e98da9d7cc770a7f', 'https://robohash.org/veniamestiste.png?size=50x50&set=set1', '897-331-5176'),
(3, 1, '88-0945232', 'Meredeth', 'Dag', 'Goymer', 'Bygrove', 'dbygrove9y@nbcnews.com', '4ba4d89e2b869e23f75bcbaecfc3b1a1', 'https://robohash.org/nonrepellataut.jpg?size=50x50&set=set1', '989-756-2339'),
(3, 2, '17-5255373', 'Godfry', 'Jaymie', 'Enoksson', 'Mulrenan', 'jmulrenan9z@mac.com', 'fbe983fa8def40b0bcff4190f6d97f86', 'https://robohash.org/voluptateutexpedita.jpg?size=50x50&set=set1', '534-521-2522'),
(3, 1, '57-3659822', 'Carmina', 'Ford', 'Leonida', 'Nisbet', 'fnisbeta0@intel.com', '795c97d1a8b992cf917d10fc17e90431', 'https://robohash.org/assumendarecusandaeillum.jpg?size=50x50&set=set1', '616-791-3312'),
(3, 2, '12-6871949', 'Pris', 'Emilee', 'Holston', 'Boreham', 'eborehama1@exblog.jp', '8f36800ee74ac3d4a85cfaee32a62831', 'https://robohash.org/consequaturenimillo.jpg?size=50x50&set=set1', '940-872-2666'),
(3, 1, '81-1434039', 'Alastair', 'Brooks', 'Crane', 'Jordine', 'bjordinea2@hao123.com', '156182999537e554cfae9cd721b5d38c', 'https://robohash.org/quasisapientevoluptas.png?size=50x50&set=set1', '687-416-5169'),
(3, 1, '54-9890123', 'Cirillo', 'Sheppard', 'Thay', 'Gehring', 'sgehringa3@princeton.edu', '4b279a58f60241db77e21ff77b3624a5', 'https://robohash.org/teneturdeseruntautem.jpg?size=50x50&set=set1', '803-311-0922'),
(3, 1, '54-3201507', 'Natalie', 'Lacie', 'Gutman', 'Tincknell', 'ltincknella4@youtube.com', '82d2b43413fc7b4b23438ec852b03ea1', 'https://robohash.org/distinctioipsumsit.png?size=50x50&set=set1', '405-610-4675'),
(3, 2, '28-4724839', 'Dita', 'Ralina', 'Malden', 'Teaz', 'rteaza5@misena.edu.co', 'cf54e5a62768f93c3c7e6c0957573adb', 'https://robohash.org/quaeratvoluptatenisi.bmp?size=50x50&set=set1', '929-591-3044'),
(3, 2, '06-2392809', 'Valaria', 'Debby', 'Redmain', 'Bassil', 'dbassila6@arizona.edu', '4fdd4dbcf9f1702a90fad58f3dc50da2', 'https://robohash.org/veliteaqueoccaecati.jpg?size=50x50&set=set1', '803-500-5010'),
(3, 2, '83-3695866', 'Rakel', 'Waylen', 'Cousens', 'Parriss', 'wparrissa7@rambler.ru', 'aeed4b6eccf6b0088180ddb777626b3c', 'https://robohash.org/illominusvoluptatem.bmp?size=50x50&set=set1', '831-312-5286'),
(3, 2, '61-7998840', 'Gordy', 'Kendricks', 'Blood', 'Bernuzzi', 'kbernuzzia8@prlog.org', '5340bb11f33624a2b4549e623d1b3f04', 'https://robohash.org/eligendidistinctioab.jpg?size=50x50&set=set1', '998-143-9337'),
(3, 2, '28-2038250', 'Hebert', 'Vivianne', 'Heathwood', 'McVane', 'vmcvanea9@reuters.com', '44fd996b41704f858a1cf5e9a03c18f8', 'https://robohash.org/cumnesciuntnon.bmp?size=50x50&set=set1', '479-360-2111'),
(3, 2, '08-5554254', 'Shellysheldon', 'Marlene', 'Kohrt', 'Leeke', 'mleekeaa@go.com', '412e6e7dd70139c8fe6c9038321367d8', 'https://robohash.org/exercitationemperferendisest.png?size=50x50&set=set1', '558-961-0199'),
(3, 2, '10-2276978', 'Bertha', 'Harland', 'Secret', 'Burbage', 'hburbageab@mashable.com', '17c832f6f38ef76e10170d9c14847879', 'https://robohash.org/ipsainventoreeaque.png?size=50x50&set=set1', '443-206-4447'),
(3, 2, '12-6741088', 'Dillie', 'Luci', 'Dinneges', 'Duling', 'ldulingac@meetup.com', '1f6b6dc45fa6ddfc2903f83ac8130357', 'https://robohash.org/impeditdolorodio.jpg?size=50x50&set=set1', '878-908-9452'),
(3, 1, '36-7962578', 'Bibbye', 'Callean', 'Tevlin', 'Coope', 'ccoopead@ihg.com', 'f872581f33c914ef7c61b7bb25b81e02', 'https://robohash.org/autemminusqui.jpg?size=50x50&set=set1', '192-522-4986'),
(3, 1, '17-3768319', 'Lay', 'Juanita', 'Matuszak', 'Beining', 'jbeiningae@cpanel.net', '77fac9e403fd677e35140a4a77147c52', 'https://robohash.org/consequaturquosquia.jpg?size=50x50&set=set1', '621-502-6360'),
(3, 2, '36-1432843', 'Curry', 'Taryn', 'Tolwood', 'Rosario', 'trosarioaf@etsy.com', '4fa6a54192a281b314e27f201348e4a3', 'https://robohash.org/saepeverotempore.bmp?size=50x50&set=set1', '635-301-7991'),
(3, 2, '36-3074909', 'Brena', 'Halimeda', 'Giacopazzi', 'Vlasin', 'hvlasinag@yellowbook.com', '0d323d194d4757d3c7b0045cb40eeb1d', 'https://robohash.org/facilisquasiet.bmp?size=50x50&set=set1', '869-582-9931'),
(3, 1, '16-7968575', 'Cointon', 'Auberon', 'Couve', 'Vonasek', 'avonasekah@istockphoto.com', 'a23d028ee577597155189de7b363b834', 'https://robohash.org/laboreplaceatdolor.png?size=50x50&set=set1', '210-712-1156'),
(3, 1, '50-3830348', 'Sig', 'Nevin', 'McGawn', 'Antonietti', 'nantoniettiai@live.com', 'cb0628494a7115cb34ed58c44e4ef858', 'https://robohash.org/etliberonihil.png?size=50x50&set=set1', '833-132-4167'),
(3, 2, '00-0081394', 'Xylina', 'Barret', 'Boxhill', 'Ransome', 'bransomeaj@nbcnews.com', '36789a9874c48266b696424c1cf531a5', 'https://robohash.org/nihiloditnon.jpg?size=50x50&set=set1', '540-694-2987'),
(3, 1, '40-6614482', 'Terence', 'Joni', 'Dommett', 'Johnstone', 'jjohnstoneak@newsvine.com', '941a1e00c10ef513de0def3f21550d1b', 'https://robohash.org/inventoreaperiamquod.bmp?size=50x50&set=set1', '301-983-4547'),
(3, 1, '83-8323502', 'Sigfried', 'Selig', 'Dresse', 'Brugemann', 'sbrugemannal@aboutads.info', '406c256b4141dac922517de663d08644', 'https://robohash.org/eaquedelenitifacilis.jpg?size=50x50&set=set1', '386-767-3697'),
(3, 2, '87-8838999', 'Booth', 'Didi', 'Skinn', 'Drage', 'ddrageam@statcounter.com', 'c6f99ca40e5dca85a71204faebd6bcce', 'https://robohash.org/molestiasveritatisdolor.png?size=50x50&set=set1', '445-572-7277'),
(3, 1, '99-3455506', 'Kattie', 'Jackie', 'Larratt', 'Peet', 'jpeetan@google.cn', 'f92069d7ce1a8b1bec01767b4bca933c', 'https://robohash.org/suntsedeligendi.png?size=50x50&set=set1', '205-405-9845'),
(3, 2, '63-8752530', 'Cooper', 'Melvin', 'Alti', 'Luck', 'mluckao@sakura.ne.jp', 'c07f45798c29fa8e4ee4d4ce66bf9be0', 'https://robohash.org/utquisquamharum.bmp?size=50x50&set=set1', '529-540-2840'),
(3, 1, '31-3913332', 'Benn', 'Idaline', 'Targe', 'Foucard', 'ifoucardap@ycombinator.com', '6a2b9880fc515c0b639e83acd07d8fa0', 'https://robohash.org/eteasit.jpg?size=50x50&set=set1', '716-157-8924'),
(3, 2, '51-4895281', 'Maurise', 'Adriaens', 'Clemendot', 'Buddock', 'abuddockaq@npr.org', '38cc4ab4b0dec0acd73945675a859447', 'https://robohash.org/inventoreipsumeos.bmp?size=50x50&set=set1', '167-661-2376'),
(3, 1, '96-0179334', 'Zaneta', 'Lacee', 'Forward', 'Yonnie', 'lyonniear@netvibes.com', '07254ec076ba79f32891049d4d3f3e51', 'https://robohash.org/dolorumvelitaut.jpg?size=50x50&set=set1', '716-422-2917'),
(3, 1, '24-4021055', 'Tatum', 'Clem', 'Pounds', 'Sharvill', 'csharvillas@jigsy.com', 'c3abca80b3fb7456ddb4a20141ddd81a', 'https://robohash.org/aliasquasconsequatur.bmp?size=50x50&set=set1', '722-544-0248'),
(3, 1, '02-4705473', 'Irita', 'Ellissa', 'Rodrigo', 'Monteaux', 'emonteauxat@telegraph.co.uk', '64f1db73988484b776b2cc2b53ab5189', 'https://robohash.org/abaccusantiumincidunt.jpg?size=50x50&set=set1', '302-701-7265'),
(3, 2, '32-7084430', 'Ciel', 'Adham', 'Filippov', 'Grouen', 'agrouenau@imageshack.us', '33e4e30b59f583c1c88ed63b206fa3bb', 'https://robohash.org/expeditaeta.jpg?size=50x50&set=set1', '504-523-1259'),
(3, 1, '96-4450871', 'Maryanna', 'Donielle', 'McGaughay', 'Redsell', 'dredsellav@uol.com.br', '2b72298617c37ceb1331e6923d999b96', 'https://robohash.org/aperiamdebitissapiente.bmp?size=50x50&set=set1', '386-869-4192'),
(3, 2, '16-2068017', 'Pansy', 'Vidovik','Flynn','Rowane', 'vorowaneaw@rakuten.co.jp', 'c3c56d41b355634a38a377ceb5c30c5a', 'https://robohash.org/ullamevenietvoluptates.jpg?size=50x50&set=set1', '278-160-8128'),
(3, 1, '80-0237649', 'Damaris', 'Reta', 'Moorrud', 'Gabb', 'rgabbax@github.io', '9102dc0d03379a018c507a827ecd74ec', 'https://robohash.org/utquodsapiente.bmp?size=50x50&set=set1', '364-651-4134'),
(3, 1, '63-1732874', 'Filmore', 'Izzy', 'Daid', 'Sign', 'isignay@sitemeter.com', '3f6326e4b6119bf36c802a1effa88e6b', 'https://robohash.org/nonpraesentiumest.png?size=50x50&set=set1', '394-937-7991'),
(3, 1, '85-4341423', 'Winslow', 'Ilaire', 'Quiddinton', 'Twaite', 'itwaiteaz@ucla.edu', '5c06181032f4184ba3bc632804e148c6', 'https://robohash.org/enimminimadeleniti.png?size=50x50&set=set1', '449-634-9816'),
(3, 2, '15-1214345', 'Adrien', 'Joete', 'Rawling', 'Dehm', 'jdehmb0@tumblr.com', 'ee5796b612d8484a20e4ee557d6ca3ea', 'https://robohash.org/utetaliquid.bmp?size=50x50&set=set1', '124-197-9595'),
(3, 1, '92-9123441', 'Jessie', 'Etan', 'Sones', 'Darragh', 'edarraghb1@dion.ne.jp', 'fcff885621fa9990d0ef493cf1d75c24', 'https://robohash.org/officiiscumquequia.jpg?size=50x50&set=set1', '956-652-7916'),
(3, 2, '79-9612800', 'Fernandina', 'Frankie', 'Ruddell', 'Caghy', 'fcaghyb2@tamu.edu', '5130b9d16ad03752f58542b6bbdef659', 'https://robohash.org/nequedolorexercitationem.png?size=50x50&set=set1', '815-737-5191'),
(3, 1, '88-8161411', 'Rafael', 'Elisabeth', 'MacAscaidh', 'Dopson', 'edopsonb3@reuters.com', '1299e6b8fdacf24fecc3df3831eacdb3', 'https://robohash.org/evenietquiamodi.jpg?size=50x50&set=set1', '820-324-6221'),
(3, 2, '27-1089576', 'Eda', 'Althea', 'Kollaschek', 'Lassey', 'alasseyb4@japanpost.jp', 'eff7d1f07c941aaa2e9149958c77c868', 'https://robohash.org/molestiaetemporibusab.png?size=50x50&set=set1', '154-810-2958'),
(3, 2, '93-6649051', 'Kirstyn', 'Rickie', 'Brigg', 'Siggers', 'rsiggersb5@bravesites.com', '0f12aaae3e409400fbceb82b780d34f6', 'https://robohash.org/molestiaetemporaperferendis.bmp?size=50x50&set=set1', '625-690-3951'),
(3, 1, '06-8395657', 'Giraud', 'Kesley', 'Coite', 'Sloan', 'ksloanb6@webeden.co.uk', 'a11767b2d274493e8486a5f71de047bb', 'https://robohash.org/suscipitetratione.png?size=50x50&set=set1', '711-630-6253'),
(3, 1, '76-9979726', 'Ninetta', 'Alison', 'Baiyle', 'Bertram', 'abertramb7@examiner.com', '0cea209ed8b89b8766fd86d620efb627', 'https://robohash.org/quoipsamdolores.jpg?size=50x50&set=set1', '534-680-6668'),
(3, 2, '00-2254867', 'Randy', 'Amalle', 'Haxley', 'Rickard', 'arickardb8@techcrunch.com', 'ee3d6f6c5b1fc2e6a839af94a8a31758', 'https://robohash.org/utremnemo.bmp?size=50x50&set=set1', '312-820-2830'),
(3, 1, '95-3172302', 'Maia', 'Phylis', 'Mildmott', 'Webling', 'pweblingb9@a8.net', 'd724d53b1cd40b7af153b1957f1381ad', 'https://robohash.org/liberononquis.bmp?size=50x50&set=set1', '603-884-9108'),
(3, 2, '87-9674007', 'Biddy', 'Lisette', 'Beacon', 'Babar', 'lbabarba@ehow.com', 'd447797d6bc2a53fd75339a0bc59a028', 'https://robohash.org/nondoloresexercitationem.png?size=50x50&set=set1', '476-230-7077'),
(3, 2, '58-3156588', 'Blisse', 'Lory', 'Kleinmintz', 'Iacopetti', 'liacopettibb@irs.gov', 'ef8cb2eb92b5d44078c5f4f6e7b66ad7', 'https://robohash.org/omnisreiciendisqui.jpg?size=50x50&set=set1', '200-697-6409'),
(3, 1, '16-2289713', 'Thorvald', 'Angelle', 'Lardge', 'Goly', 'agolybc@cnn.com', '39470486e28b98a74a2ac5836a5d874c', 'https://robohash.org/aliasmagnamdolorum.jpg?size=50x50&set=set1', '916-897-4173'),
(3, 2, '91-2497617', 'Estel', 'Izak', 'Farrans', 'Gauvain', 'igauvainbd@ca.gov', '24352dfccbb42b4f007a2358444f9ea2', 'https://robohash.org/omnisquibusdamnon.jpg?size=50x50&set=set1', '766-355-6265'),
(3, 2, '80-4794113', 'Roxie', 'Lorianna', 'Bray', 'Feronet', 'lferonetbe@dmoz.org', '04f167b8af31be0914201a8ccab042de', 'https://robohash.org/sitvoluptasfugit.bmp?size=50x50&set=set1', '710-563-4093'),
(3, 1, '07-3197417', 'Sheffield', 'Dukie', 'Nevet', 'Caldaro', 'dcaldarobf@amazon.de', '61b057fdde2d3487dbd92848f2e0099e', 'https://robohash.org/utnostrumvelit.jpg?size=50x50&set=set1', '744-920-3232'),
(3, 1, '70-8683241', 'Amelita', 'Heddie', 'Ondrousek', 'Buey', 'hbueybg@tmall.com', 'bb7eb54dc01bbf6b4bc98b66eff38dfe', 'https://robohash.org/illoasperioresnumquam.jpg?size=50x50&set=set1', '602-533-7967'),
(3, 1, '22-5153132', 'Phillipe', 'Ramonda', 'Adel', 'Brewitt', 'rbrewittbh@github.io', '0cbbe2163787c6a460fe2769a48d38f3', 'https://robohash.org/quidemvelitquia.png?size=50x50&set=set1', '138-131-1805'),
(3, 1, '35-5332568', 'Nickey', 'Moore', 'Ledgeway', 'Bretherick', 'mbretherickbi@wp.com', '16a35531a7a7004cc6e389e57fc6af9a', 'https://robohash.org/doloremquemaioresmodi.jpg?size=50x50&set=set1', '996-556-2010'),
(3, 1, '41-9453859', 'Katlin', 'Karoline', 'Binford','Griffin', 'kogriffinbj@blogger.com', '4e6f834c10c1d155179f002d881b041e', 'https://robohash.org/doloresetrepudiandae.png?size=50x50&set=set1', '667-380-1692'),
(3, 2, '65-2262836', 'Tuckie', 'Justinian', 'Catcheside', 'Gaskal', 'jgaskalbk@imgur.com', '560c1c901b657f8c95a69126dba8819d', 'https://robohash.org/namreiciendisnostrum.jpg?size=50x50&set=set1', '147-438-9247'),
(3, 2, '70-6281767', 'Brien', 'Amandie', 'Cron', 'Berthomieu', 'aberthomieubl@discovery.com', '2c25a8ca996426b8cc9e5408eaa3618c', 'https://robohash.org/voluptascommodiconsequatur.jpg?size=50x50&set=set1', '164-958-5543');

insert into haf.administrador (id_administrador,fk_id_num_doc,fk_id_tipo_doc) values
(1,'57-0163487',1),
(2,'24-6149401',1),
(3,'88-9821447',1),
(4,'86-5691529',1);

insert into haf.vinculacion (id_vinculacion, nombre_vinculacion) values
(100, "Catedra"), 
(200, "Planta"),
(300, "Horas"),
(400, "Tiempo completo"),
(500, "Medio tiempo");

insert into haf.especialidad (id_especialidad, nom_especialidad) values
(1, "Electricidad"),
(2, "Telecomunicaciones"),
(3, "Electronica"),
(4, "Teleinformatica");

insert into haf.instructor ( fk_id_num_doc, fk_id_tipo_doc, fk_id_vinculacion, fk_id_especialidad) values
('08-8637254',1,100,4),
('94-9558674',1,200,4),
('08-7574803',1,300,4),
('41-4687010',1,200,4),
('49-5730738',1,100,4),
('39-9781015',1,100,4),
('05-7739881',1,400,4),
('70-0506862',1,500,4),
('95-3756339',1,300,4),
('82-3594190',1,400,4),
('33-4978577',1,200,4),
('64-3918551',1,100,4),
('32-3977685',1,100,4),
('77-2852610',1,300,4),
('92-0064615',1,200,4),
('58-8340703',1,100,4);

insert into haf.jornada (id_jornada, tipo_jornada, siglas) values
(1,"diurna", "diu"),
(2,"noche", "noc"),
(3,"fines de semana", "fds");

insert into haf.trimestre(id_trimestre,num_trimestre) values
("T1","I"),
("T2","II"),
("T3","III"),
("T4","IV"),
("T5","V"),
("T6","VI"),
("T7","VII"),
("T8","VIII");
 
 insert into haf.grupo (id_grupo, num_grupo, num_aprendices) values
 (1,'Sin Grupo','10'),
 (2,'G1','10'),
 (3,'G2','10'),
 (4,'G3','10'),
 (5,'G1','10'),
 (6,'G2','10'),
 (7,'G1','10'),
 (8,'G2','10'),
 (9,'G1','10'),
 (10,'G2','10'),
 (11,'G3','10'),
 (12,'Sin grupo','10'),
 (13,'G1','10'),
 (14,'G2','10'),
 (15,'G1','10'),
 (16,'G2','10'),
 (17,'G1','10'),
 (18,'G2','10'),
 (19,'G3','10'),
 (20,'G1','10'),
 (21,'G1','10'),
 (22,'G2','10'),
 (23,'G3','10'),
 (24,'Sin grupo','10'),
 (25,'G1','10'),
 (26,'G2','10'),
 (27,'G1','10'),
 (28,'G2','10'),
 (29,'G3','10'),
 (30,'G2','10'),
 (31,'Sin grupo','10'),
 (32,'G1','10'),
 (33,'G2','10'),
 (34,'G1','10'),
 (35,'G2','10'),
 (36,'G3','10'),
 (37,'Sin grupo','10'),
 (38,'G1','10'),
 (39,'G2','10'),
 (40,'G1','10');
 

insert into haf.programa (id_programa, nombre_programa, fk_id_especialidad) values
("TPM", "Tecnico en produccion multimedia", 4),
("ADSI", "Tecnologo en analisis y desarrollo de sistemas de informacio", 4),
("TPS", "Tecnico en programacion de software", 4),
("DIM", "Tecnico en diseño e integracion multimedia", 4);

insert into haf.ficha (id_ficha, num_ficha, fk_id_programa, fk_id_jornada, fk_id_grupo, fk_id_trimestre) values
("10001", "20000TPM", "TPM", 1, 1, "T1"), 
("10002", "20002TPM", "TPM", 2, 2, "T2"),
("10003", "20002TPM", "TPM", 2, 3, "T2"),
("10004", "20002TPM", "TPM", 2, 4, "T2"),
("10005", "20003TPM", "TPM", 3, 5, "T3"),
("10006", "20003TPM", "TPM", 3, 6, "T3"),
("10007", "20004TPM", "TPM", 1, 7, "T4"),
("10008", "20004TPM", "TPM", 1, 8, "T4"),
("10009", "20005ADSI", "ADSI", 1, 9, "T1"),
("10010", "20005ADSI", "ADSI", 1, 10, "T1"),
("10011", "20005ADSI", "ADSI", 1, 11, "T1"),
("10012", "20016ADSI", "ADSI", 2, 12, "T2"),
("10013", "20020ADSI", "ADSI", 3, 13, "T3"),
("10014", "20020ADSI", "ADSI", 3, 14, "T3"),
("10015", "20021ADSI", "ADSI", 1, 15, "T4"),
("10016", "20021ADSI", "ADSI", 1, 16, "T4"),
("10017", "20025ADSI", "ADSI", 2, 17, "T5"),
("10018", "20025ADSI", "ADSI", 2, 18, "T5"),
("10019", "20025ADSI", "ADSI", 2, 19, "T5"),
("10020", "20026ADSI", "ADSI", 3, 20, "T6"),
("10021", "20027ADSI", "ADSI", 1, 21, "T7"),
("10022", "20027ADSI", "ADSI", 1, 22, "T7"),
("10023", "20027ADSI", "ADSI", 1, 23, "T7"),
("10024", "20028ADSI", "ADSI", 2, 24, "T8"),
("10025", "20029TPS", "TPS", 1, 25, "T1"),
("10026", "20029TPS", "TPS", 1, 26, "T1"),
("10027", "20039TPS", "TPS", 2, 27, "T2"),
("10028", "20039TPS", "TPS", 2, 28, "T2"),
("10029", "20039TPS", "TPS", 2, 29, "T2"),
("10030", "20040TPS", "TPS", 3, 30, "T3"),
("10031", "20041TPS", "TPS", 1, 31, "T4"),
("10032", "20041TPS", "TPS", 1, 32, "T4"),
("10033", "20042DIM", "DIM", 1, 33, "T1"),
("10034", "20042DIM", "DIM", 1, 34, "T1"),
("10035", "20042DIM", "DIM", 1, 35, "T1"),
("10036", "20043DIM", "DIM", 2, 36, "T2"),
("10037", "20044DIM", "DIM", 3, 37, "T3"),
("10038", "20044DIM", "DIM", 3, 38, "T3"),
("10039", "20045DIM", "DIM", 1, 39, "T4"),
("10040", "20045DIM", "DIM", 1, 40, "T4");

insert into haf.instructor_ficha (fk_id_num_doc,fk_id_tipo_doc,fk_id_ficha) values
('08-8637254',1,"10001"),
('08-8637254',1,"10002"),
('94-9558674',1,"10003"),
('94-9558674',1,"10004"),
('08-7574803',1,"10005"),
('08-7574803',1,"10006"),
('41-4687010',1,"10007"),
('41-4687010',1,"10008"),
('49-5730738',1,"10009"),
('49-5730738',1,"10010"),
('39-9781015',1,"10011"),
('39-9781015',1,"10012"),
('05-7739881',1,"10013"),
('05-7739881',1,"10014"),
('70-0506862',1,"10015"),
('70-0506862',1,"10016"),
('95-3756339',1,"10017"),
('95-3756339',1,"10018"),
('95-3756339',1,"10019"),
('82-3594190',1,"10020"),
('82-3594190',1,"10021"),
('82-3594190',1,"10022"),
('33-4978577',1,"10023"),
('33-4978577',1,"10024"),
('33-4978577',1,"10025"),
('64-3918551',1,"10026"),
('64-3918551',1,"10027"),
('64-3918551',1,"10028"),
('32-3977685',1,"10029"),
('32-3977685',1,"10030"),
('32-3977685',1,"10031"),
('77-2852610',1,"10032"),
('77-2852610',1,"10033"),
('77-2852610',1,"10034"),
('92-0064615',1,"10035"),
('92-0064615',1,"10036"),
('92-0064615',1,"10037"),
('58-8340703',1,"10038"),
('58-8340703',1,"10039"),
('58-8340703',1,"10040");

insert into haf.aprendiz (fk_id_num_doc, fk_id_tipo_doc, fk_id_ficha) values
("47-7393241",1,"10001"),  
("66-4669295",2,"10001"), 
("17-0317629",2,"10001"), 
("01-5902649",1,"10001"), 
("77-9543502",1,"10001"), 
("65-9799372",2,"10001"), 
("35-5616904",2,"10001"), 
("10-5183381",2,"10001"), 
("05-0102124",1,"10001"), 
("81-1267220",2,"10001"), 
("41-3432480",1,"10002"),
("26-2267537",2,"10002"),
("19-3685178",1,"10002"),
("80-0929757",1,"10002"),
("09-1660728",2,"10002"),
("25-4088908",1,"10002"),
("01-3642382",2,"10002"),
("78-0203689",2,"10002"),
("55-9704913",1,"10002"),
("36-7434356",2,"10002"),
("86-1747013",2,"10003"),
("51-2987197",2,"10003"),
("58-1679048",1,"10003"),
("82-5402898",2,"10003"),
("13-2603587",2,"10003"),
("39-3310025",1,"10003"),
("93-9296913",2,"10003"),
("03-5240405",1,"10003"),
("47-9733267",1,"10003"),
("25-7891434",2,"10003"),
("30-4013034",2,"10004"),
("57-8443938",1,"10004"),
("66-3686277",2,"10004"),
("01-0891984",2,"10004"),
("76-7555151",1,"10004"),
("17-1768520",2,"10004"),
("77-9302368",2,"10004"),
("10-2138228",2,"10004"),
("86-6828704",2,"10004"),
("21-0396211",2,"10004"),
("67-5349837",1,"10005"),
("13-3678822",1,"10005"),
("47-9048598",1,"10005"),
("19-9951747",2,"10005"),
("68-4693958",2,"10005"),
("71-8379839",2,"10005"),
("64-1347610",2,"10005"),
("87-8178194",2,"10005"),
("00-0704457",1,"10005"),
("64-4550530",2,"10005"),
("70-5281862",2,"10006"),
("81-7993356",2,"10006"),
("17-7965943",1,"10006"),
("41-0770136",2,"10006"),
("86-8164445",1,"10006"),
("75-5788494",2,"10006"),
("87-7114281",1,"10006"),
("28-9905861",2,"10006"),
("63-3060981",2,"10006"),
("74-4089031",1,"10006"),
("50-8623594",1,"10007"),
("18-3606789",2,"10007"),
("14-3443391",2,"10007"),
("85-8429255",2,"10007"),
("09-6350689",2,"10007"),
("28-2932109",2,"10007"),
("29-2150563",1,"10007"),
("41-0509091",1,"10007"),
("42-5826950",1,"10007"),
("86-2190286",2,"10007"),
("13-1763989",1,"10008"),
("12-0343765",2,"10008"),
("91-6588347",2,"10008"),
("37-7474138",1,"10008"),
("65-4085174",2,"10008"),
("70-5454566",2,"10008"),
("09-8056885",2,"10008"),
("77-6309696",1,"10008"),
("30-5028075",2,"10008"),
("27-8739410",1,"10008"),
("91-0162579",1,"10009"),
("34-8509174",2,"10009"),
("54-5249766",1,"10009"),
("32-6623220",2,"10009"),
("32-4390777",1,"10009"),
("53-0597159",1,"10009"),
("38-4107220",1,"10009"),
("97-5703584",2,"10009"),
("76-9089163",1,"10009"),
("49-7090847",1,"10009"),
("09-9748244",2,"10010"),
("06-7449490",1,"10010"),
("17-6650856",1,"10010"),
("68-4294564",1,"10010"),
("23-3548618",2,"10010"),
("59-5831002",1,"10010"),
("11-1627442",1,"10010"),
("62-7693065",2,"10010"),
("65-6207875",2,"10010"),
("48-4212128",1,"10010"),
("10-4951552",2,"10011"),
("75-7179194",1,"10011"),
("54-4870293",2,"10011"),
("28-4445573",2,"10011"),
("34-7861890",1,"10011"),
("62-6707522",2,"10011"),
("58-4860745",1,"10011"),
("45-3138163",2,"10011"),
("59-9270600",1,"10011"),
("96-1503262",1,"10011"),
("91-2479711",2,"10012"),
("39-8588937",2,"10012"),
("80-5884572",2,"10012"),
("59-2183985",1,"10012"),
("61-5022511",2,"10012"),
("81-0801352",1,"10012"),
("77-2237217",1,"10012"),
("27-0880710",1,"10012"),
("10-6186004",1,"10012"),
("56-7318245",2,"10012"),
("63-6032156",2,"10013"),
("06-0931627",1,"10013"),
("25-4389094",2,"10013"),
("28-0292691",2,"10013"),
("27-0148291",2,"10013"),
("30-3743625",1,"10013"),
("07-3833854",2,"10013"),
("18-1315585",2,"10013"),
("38-2975957",2,"10013"),
("77-5879668",1,"10013"),
("84-7300848",1,"10014"),
("64-2514312",2,"10014"),
("75-9136093",1,"10014"),
("91-4432391",2,"10014"),
("04-0049749",1,"10014"),
("24-3882951",1,"10014"),
("92-7172180",2,"10014"),
("82-4689166",2,"10014"),
("62-3260522",1,"10014"),
("57-1136634",2,"10014"),
("94-5942124",2,"10015"),
("49-5761806",1,"10015"),
("49-8833181",1,"10015"),
("60-4641336",1,"10015"),
("13-7414241",1,"10015"),
("88-2380882",2,"10015"),
("51-5102078",1,"10015"),
("36-7150375",1,"10015"),
("26-4515766",1,"10015"),
("82-0921028",1,"10015"),
("09-9551819",1,"10016"),
("31-4533056",2,"10016"),
("18-8485877",2,"10016"),
("58-3672638",1,"10016"),
("47-2619580",1,"10016"),
("38-9319756",2,"10016"),
("14-5201914",1,"10016"),
("36-3050664",1,"10016"),
("01-0104645",2,"10016"),
("96-3944692",1,"10016"),
("62-5137625",1,"10017"),
("91-8203859",1,"10017"),
("35-6276996",1,"10017"),
("14-8561407",2,"10017"),
("14-8888667",2,"10017"),
("56-5296286",1,"10017"),
("83-8401137",2,"10017"),
("26-3393939",2,"10017"),
("83-4704055",2,"10017"),
("14-6075116",1,"10017"),
("98-5517000",2,"10018"),
("32-5949246",2,"10018"),
("42-3468655",2,"10018"),
("33-5500320",2,"10018"),
("08-6612757",2,"10018"),
("26-2157369",1,"10018"),
("32-3821199",2,"10018"),
("12-9375890",1,"10018"),
("61-5840285",1,"10018"),
("49-8842411",2,"10018"),
("28-6971656",2,"10019"),
("19-2417436",2,"10019"),
("41-5014808",2,"10019"),
("30-2813995",1,"10019"),
("59-9314544",2,"10019"),
("33-3000498",2,"10019"),
("88-3830044",2,"10019"),
("52-0487755",2,"10019"),
("09-9446787",2,"10019"),
("88-0265899",2,"10019"),
("04-1453501",1,"10020"),
("44-9934037",1,"10020"),
("93-4879001",2,"10020"),
("17-1017399",1,"10020"),
("01-9501171",2,"10020"),
("34-6658995",2,"10020"),
("75-6296760",2,"10020"),
("76-6381760",1,"10020"),
("45-3449212",1,"10020"),
("05-6637021",2,"10020"),
("64-2573448",2,"10021"),
("44-1403627",2,"10021"),
("45-9596811",1,"10021"),
("15-3135257",1,"10021"),
("97-4890138",1,"10021"),
("64-3086388",2,"10021"),
("47-7971601",2,"10021"),
("78-4899895",2,"10021"),
("09-6869302",2,"10021"),
("50-9946267",1,"10021"),
("93-1525753",2,"10022"),
("86-4139412",2,"10022"),
("87-5271924",2,"10022"),
("77-6882085",2,"10022"),
("13-3513967",1,"10022"),
("45-6585124",2,"10022"),
("98-5667333",2,"10022"),
("40-4427035",1,"10022"),
("22-2088476",1,"10022"),
("90-3781522",2,"10022"),
("02-5623160",1,"10023"),
("74-2317885",2,"10023"),
("74-9024099",2,"10023"),
("35-3870606",1,"10023"),
("69-9886868",2,"10023"),
("24-5915237",2,"10023"),
("20-6244760",1,"10023"),
("89-4269778",2,"10023"),
("57-6349942",1,"10023"),
("66-1809200",1,"10023"),
("70-9072451",1,"10024"),
("10-6210862",1,"10024"),
("76-6072520",2,"10024"),
("12-9456588",1,"10024"),
("62-7543063",2,"10024"),
("36-6946531",2,"10024"),
("25-2674516",2,"10024"),
("12-1892944",2,"10024"),
("71-7044026",1,"10024"),
("09-6980671",1,"10024"),

("21-7529220",1,"10025"),
("56-2529663",2,"10025"),
("58-2316280",1,"10025"),
("19-7989265",1,"10025"),
("53-0095758",2,"10025"),
("06-1482033",2,"10025"),
("58-0025504",1,"10025"),
("84-3965206",1,"10025"),
("91-2841754",2,"10025"),
("92-8321680",1,"10025"),
("09-9379420",2,"10026"),
("17-2414770",2,"10026"),
("24-3435609",1,"10026"),
("71-6643799",1,"10026"),
("46-4382614",2,"10026"),
("91-0949548",1,"10026"),
("54-5616028",1,"10026"),
("74-2077681",1,"10026"),
("30-7583928",1,"10026"),
("13-5829108",2,"10026"),
("18-8179857",1,"10027"),
("73-7372913",1,"10027"),
("46-5391304",2,"10027"),
("42-2005283",2,"10027"),
("36-1997818",2,"10027"),
("62-8340839",1,"10027"),
("23-1208022",1,"10027"),
("69-2123784",1,"10027"),
("84-5079117",1,"10027"),
("76-3290626",1,"10027"),
("21-8222073",1,"10028"),
("19-9688532",1,"10028"),
("84-5647820",1,"10028"),
("06-5012180",2,"10028"),
("58-0066776",1,"10028"),
("97-6106618",1,"10028"),
("46-5939791",1,"10028"),
("87-8073286",1,"10028"),
("16-0335522",1,"10028"),
("25-4484474",2,"10028"),
("64-8835185",1,"10029"),
("40-1005968",1,"10029"),
("98-0087662",2,"10029"),
("59-6862576",1,"10029"),
("91-9897703",1,"10029"),
("31-1979571",2,"10029"),
("82-9692600",1,"10029"),
("53-7834643",1,"10029"),
("70-5716015",1,"10029"),
("04-5988895",2,"10029"),
("40-2321329",2,"10030"),
("91-6563772",2,"10030"),
("81-9830585",2,"10030"),
("80-1499094",2,"10030"),
("31-5234984",1,"10030"),
("02-2916193",2,"10030"),
("97-8729080",1,"10030"),
("23-1253241",1,"10030"),
("63-2808693",2,"10030"),
("86-8685815",2,"10030"),
("84-4044717",1,"10031"),
("32-1680742",2,"10031"),
("04-7357046",2,"10031"),
("25-7801743",1,"10031"),
("05-9584615",1,"10031"),
("74-3696333",2,"10031"),
("25-1378942",1,"10031"),
("71-8016492",2,"10031"),
("37-7683667",1,"10031"),
("65-1441033",1,"10031"),

("50-5531342",1,"10032"),
("01-4766466",1,"10032"),
("17-9487817",2,"10032"),
("90-9879559",2,"10032"),
("00-1450853",1,"10032"),
("85-0415725",2,"10032"),
("46-5328870",1,"10032"),
("00-4448190",1,"10032"),
("47-2901800",1,"10032"),
("40-4516964",1,"10032"),
("16-7364437",2,"10033"),
("30-6921521",2,"10033"),
("45-8910799",1,"10033"),
("52-0604996",1,"10033"),
("72-2993108",1,"10033"),
("72-3339682",2,"10033"),
("89-2968915",1,"10033"),
("86-5516559",2,"10033"),
("82-0721571",2,"10033"),
("23-7046050",1,"10033"),
("80-4061901",1,"10034"),
("48-8983883",1,"10034"),
("76-3081136",1,"10034"),
("97-5623595",1,"10034"),
("82-3549332",2,"10034"),
("07-0220446",1,"10034"),
("43-0057575",2,"10034"),
("59-9925831",1,"10034"),
("88-0945232",1,"10034"),
("17-5255373",2,"10034"),
("57-3659822",1,"10035"),
("12-6871949",2,"10035"),
("81-1434039",1,"10035"),
("54-9890123",1,"10035"),
("54-3201507",1,"10035"),
("28-4724839",2,"10035"),
("06-2392809",2,"10035"),
("83-3695866",2,"10035"),
("61-7998840",2,"10035"),
("28-2038250",2,"10035"),
("08-5554254",2,"10036"),
("10-2276978",2,"10036"),
("12-6741088",2,"10036"),
("36-7962578",1,"10036"),
("17-3768319",1,"10036"),
("36-1432843",2,"10036"),
("36-3074909",2,"10036"),
("16-7968575",1,"10036"),
("50-3830348",1,"10036"),
("00-0081394",2,"10036"),
("40-6614482",1,"10037"),
("83-8323502",1,"10037"),
("87-8838999",2,"10037"),
("99-3455506",1,"10037"),
("63-8752530",2,"10037"),
("31-3913332",1,"10037"),
("51-4895281",2,"10037"),
("96-0179334",1,"10037"),
("24-4021055",1,"10037"),
("02-4705473",1,"10037"),
("32-7084430",2,"10038"),
("96-4450871",1,"10038"),
("16-2068017",2,"10038"),
("80-0237649",1,"10038"),
("63-1732874",1,"10038"),
("85-4341423",1,"10038"),
("15-1214345",2,"10038"),
("92-9123441",1,"10038"),
("79-9612800",2,"10038"),
("88-8161411",1,"10038"),
("27-1089576",2,"10039"),
("93-6649051",2,"10039"),
("06-8395657",1,"10039"),
("76-9979726",1,"10039"),
("00-2254867", 2, "10039"),
("95-3172302",1, "10039"),
("87-9674007",2, "10039"),
("58-3156588",2, "10039"),
("16-2289713",1, "10039"),
("91-2497617",2, "10039");

insert into haf.competencia (id_competencia, descripcion_comp, fk_id_programa, fk_id_trimestre)values
("20001", "Analizar la informacion recolectada para definir la tipologia del proyecto multimedia","TPM", "T1"), 
("20002", "Promover la interaccion idonea consigo mismo con los demas y con la naturaleza en los contextos laboral y social","TPM", "T1"), 
("20003", "Comprender textos en ingles en forma escrita y auditiva","TPM", "T1"), 
("20004", "Diseñar la solucion multimedia de acuerdo con el informe de analisis de la informacion recolectada", "TPM", "T2"),
("20005", "Promover la interaccion idonea consigo mismo con los demas y con la naturaleza en los contextos laboral y social", "TPM", "T2"),
("20006", "Realizar la post-produccion para generar la animacion final de acuerdo con las especificaciones del proyecto", "TPM", "T3"),
("20007", "Entregar la aplicacion multimedia para evaluar la satisfaccion del cliente", "TPM", "T3"),
("20008", "Etapa productiva","TPM", "T4"),
("20009", "Especificar los requisitos necesarios para desarrollar el sistema de informacion de acuerdo con las necesidades del cliente", "ADSI", "T1"),
("20010", "Analizar los requisitos del cliente para construir el sistema de informacion", "ADSI", "T1"),
("20011", "Diseñar el sistema de acuerdo con los requisitos del cliente", "ADSI", "T1"),
("20012", "Promover la interaccion idonea consigo mismo con los demas y con la naturaleza en los contextos laboral y social", "ADSI", "T1"),
("20013", "Analizar los requisitos del cliente para constriuir los sistemas de informacion", "ADSI", "T2"),
("20014", "Promover la interaccion idonea consigo mismo con los demas y con la naturaleza en los contextos laboral y social", "ADSI", "T2"),
("20015", "Diseñar el sistema de acuerdo con lo requerimientos del cliente", "ADSI", "T3"),	
("20016", "Construir el sistema que cumpla con los requisitos de la solucion informatica", "ADSI", "T3"),
("20017", "Promover la interaccion idonea consigo mismo con los demas y con la naturaleza en los contextos laboral y social", "ADSI", "T3"),
("20018", "Implantar la solucion que cumpla con los requerimientos para su operacion", "ADSI", "T4"),
("20019", "Construir el sistema que cumpla con los requisitos de la solucion informatica","ADSI", "T4"),
("20020", "Construir el sistema que cumpla con los requisitos de la solucion informatica","ADSI", "T5"),
("20021", "Implantar la solucion que cumpla con los requerimientos para su operacion","ADSI", "T5"),
("20022", "Aplicar buenas practicas de calidad en el proceso de desarrollo de software de acuerdo con el referente adoptado en la empresa","ADSI", "T6"),
("20023", "Participar en el proceso de negociacion de tecnologia informatica para permitir la implementacion del sistema de informacion","ADSI", "T6"),
("20024", "Producir textos en ingles en forma oral y escrita ","ADSI", "T6"),
("20025", "Etapa productiva","ADSI", "T7"),
("20026", "Etapa productiva","ADSI", "T8"),
("20027", "Analizar los requerimientos del cliente para construir el sistema de informacion ", "TPS", "T1"),
("20028", "Promover la interaccion idonea cosigo mismo con los demas y con la naturaleza en los contextos laboral y social", "TPS", "T1"),
("20029", "Comprender textos en ingles en forma escrita y auditiva", "TPS", "T1"),
("20030", "Construir el sistema que cumpla con los requisitos de la solucion informatica", "TPS", "T2"),
("20031", "Promover la interaccion idonea consigo mismo con los demas y con lanaturaleza en los contextos laboral y social", "TPS", "T2"),
("20032", "Comprender textos en ingles en forma escrita y auditiva", "TPS", "T2"),
("20033", "Etapa produtiva","TPS", "T3"),
("20034", "Etapa productiva", "TPS", "T4"),
("20035", "Diseñar la solucion multimedial de acuerdo con el informe de analisis de la informacion recolectada", "DIM", "T1"),
("20036", "Promover la interaccion idonea consigo mismo con los demas y con la naturaleza en los contextos laboral y social", "DIM", "T1"),
("20037", "Comprender textos en ingles en forma escrita y auditiva", "DIM", "T1"),
("20038", "Integrar los elementos multimediales de acuerdo con un diseño establecido", "DIM", "T2"),
("20039", "Diseñar la solucion multimedial de acuerdo con el informe de analisis dela informacion recolectada","DIM", "T2"),
("20040", "Promover la interaccion consigo mismo con los demas y con lanaturaleza en los contextos laboral y social", "DIM", "T2"),
("20041", "Etapa productiva", "DIM", "T3"),
("20042", "Etapa productiva", "DIM", "T4");


insert into haf.result_aprendizaje (id_result_aprendizaje, descripcion, fk_id_competencia) values 
("30001","Elaborar el cronograma de trabajo con base en los acuerdos de tiempo y presupuestos pactados con el cliente","20001"),
("30002","Determinar la plataforma del proyecto a partir de las necesidades del cliente aplicando las tecnicas de recoleccion y procesamiento de la informacion", "20001"),
("30003","Confrontar la informacion recolectada con las necesidades presentadas por el publico destino","20001"),
("30004","Escribir actas e informes de procesos de acuerdo con el cronograma de activiades y siguiendo las normas y protocolos establecidos","20001"),
("30005","Reconocer el rol de los participantes en el proceso formativo el papel de los ambientes de aprendizaje y la metodologia de formacion de acuerdo con la dinamica organizacional del SENA","20002"),
("30006","Concertar alternativas y acciones de formacion para el desarrollo de competencias del programa formacion con base en la politica istitucional",'20002'),
("30007","Gestionar la informacion de acuerdo con los procedimientos establecidos y con las tecnologias de la informacion y la comunicacion disponibles","20002"),
("30008","Comprender frases y vocabulario habitual sobre temas de interes personal y temas tecnicos","20003"),
("30009","Comprender la idea principal en avisos y mensajes breves claros y sencillos en ingles tecnico","20003"),
("30010","Encontrar informacion especifica y predecible en escritos sencillos y cotidianos","20003"),
("30011","Defiir la estructura del mapa de navegacion segun la necesidad del cliente","20004"),
("30012","Construir el storyboard aplicando tecnicas de creatividad de acuerdo con la estructura del guion tecnico y el mapa de navegacion","20004"),
("30013","Elaborar el guion multimedia (literario y tecnico) aplicando tecnicas de composicion literaria y lenguaje cinematografico conforme a la tipologia definida y al publico destino","20004"),
("30014","Validar el storyboard con el cliente de acuerdo con las especificaciones del guion tecnico para su aporbacion dejando constancia del acta","20004"),
("30015","Desarrollar procesos comunicativos eficaces y asertivos dentro de criterios de racionalidad que posibiliten la convivencia el establecimiento de acuerdos la construccion colectiva del conocimiento y la resolucion de problemas de caracter productivo y social","20005"),
("30016","Asumir los deberes y derechos con base en las leyes y normativa institucional en el marco de su proyecto de vida","20005"),
("30017","Asumir actitudes criticas argumentativas y propositivas en funcion de la resolucion de problemas de caracter productivo y social","20005"),
("30018","Ajustar la iluminacion y el color de la escena para lograr la apariencia visual deseada","20006"),
("30019","Editar imagenes utilizando software de edicion audivisual de acuerdo con lo establecido en guion tecnico","20006"),
("30020","Montar secuencias de acuerdo con las especificaciones del proyecto multimedia","20006"),
("30021","Realizar el empaque y los elementos de merchandising con los que se distribuirá el proyecto multimedia", "20007"),
("30022","Etapa productiva", "20008"),
("30023","Aplicar las tecnicas de recoleccion de datos diseñando los instrumentos necesarios para el procesamiento de la informacion de acuerdo con la situacion planteada por la empresa", "20009"),
("30024","Elaborar mapas de procesos que permitan identificar las areas involucradas en el sistema de informacion utilizando herramientas infromaticas y las Tic's para generar informes segun las necesidades de la empresa", "20009"),
("30025","Interpretar el informe de requerimientos para determinar las necesidades tecnologicas en el manejo de la informacion de acuerdo con las normas y protoolos establecidos en la empresa", "20010"),
("30026","Representar el bosquejo de la solucion del problema presentado por el cliete mediante la elaboracion de diagramas de casos de uso apoyado en el analisis del informe de requerimientos al confrontar la situacion problematica con el usuario segun normas y protocolos de la orgnizacion", "20010"),
("30027","Construir el modelo conceptual del macro sistema frente a los requerimientos del cliente medinte el uso e interpretacion de la informacion levantada representando en digramas de clase de interaccion colaboracion y contratos de operacion de acuerdo con las diferentes secuencias fases y procedimientos del sistema", "20010"),
("30028","Aplicar politicas y mecanismos de control en el diseño del sistema de informacion mediante el analisis de la vulnerabilidad de la informacion siguiendo los parametros establecidos por la organizacion", "20011"),
("30029","Identificar las oportunidades que el SENA ofrece en el marco de laformacion profesional de acuerdo con el contexto nacional e internacional", "20012"),
("30030","Reconocer el rol de los participantes en el proceso formativo el papel de los ambientes de aprendizaje y la metodologia de formacion de acuerdo con la dinamica organizacional del SENA", "20012"),
("30031","Gestionar la informacion de acuerdo con los procedimientos establecidos y con las tecnologias de la informacion y la comunicacion disponibles", "20012"),
("30032","Concertar alternativas y acciones de formacion para el desarrollo de competencias del programa formacion con base en la politica istitucional", "20012"),
("30033","Valorar la incidencia de datos en los procesos del macrosistema tomando como referente el dicionario de datos y las miniespecificaciones para la consolidadcion de los datos que intervienen de acuerdo conparametros establecidos", "20013"),
("30034","Elaborar el informe de los resultados del analisis del sistema de informacion de acuerdo con los requerimientos del cliente segun normas y protocolos establecidos", "20013"),
("30035","Desarrollar procesos comunicativos eficaces y asertivos dentro de criterios de racionalidad que posibiliten la convivencia el establecimeinto de acuerdos la construccion colectiva del conocimiento y la resolucion de problemas de caracter productivo y social", "20014"),
("30036","Asumir los deberes y derechos con base en las leyes y normativa institucional en el marco de su proyecto de vida", "20014"),
("30037","Asumir actitudes criticas argumentativas y propositivas en funcion de la resolucion de problemas de caracter productivo y social", "20014"),
("30038","Plantear diferentes alternativas de modelos tecnologicos de informacion empresarial teniendo en cuenta la plataforma tecnologica de la empresa y las tendencias del mercado   para dar solucion a las situaciones relacionadas con el manejo de la informacion de la organizacion ", "20015"),
("20039","Elaborar el informe del diseño del sistema de informacion de acuerdo con la seleccion de las herramientas tanto del software como del hardware requeridas para la solucion informatica", "20015"),
("20040","Interpretar el informe tecnico de diseño para determinar el plan de trabajo durante la fase de construccion del software de acuerdo con las normas y protocolos establecidos en la empresa", "20016"),
("30041","Construir la interfaz de usuario apoyado en la evaluacion del prototipo determinando las entradas y salidas requeridas en el diseño y defendiendo los lineamientos para la navegacion de acuerdo con las necesidades del usuario", "20016"),
("30042","Construir la base de datosapartir del modelo de datos determinado en el diseño del sistema utilizando sistemas de gestion de bases de datos segun los protocolos establecidos en la organizacion", "20016"),
("30043","Realizar la codificacion de los modulos del sistema y el programa principal a partir de la utilizacion del lenguaje de programacion seleccionado de acuerdo con las especificaciones del diseño ", "20016"),
("30044","Asumir responsablemente los criterios de preservacion y conservacion del medio ambiente y desarrollo sostenible en el ejercicio de su desempeño laborala y social", "20017"),
("30045","Generar habitos saludables en su estilo de vida para garantizar la prevencion de riesgos ocupacionales de acuerdo con el diagnostico de su condicion fisica individual y la naturaleza y complejidad de su desempeño laboral ", "20017"),
("30046","Interactuar en los contextos productivos y sociales en funcion de los principios y valores universales ", "20017"),
("30047","Aplicar tecnicas de cultura fisica para el mejoramiento de su expresion corporal desempeño laboral segun la naturaleza y complejidad del area ocupacional", "20017"),
("30048","Configurar el software con la aplicacion para cliente y servidor mediante la utilizacion del hardware disponible ejecutandola en la plataforma tecnologica ", "20018"),
("30049","Definir estrategias para la validacion de manuales de usuario y de operacion ", "20018"),
("30050","Elaborar el informe adinistrativo siguiendo los protocolos de la organizacion  ", "20018"),
("30051","Elaborar el manual tecnico de la aplicacion de acuerdo con la complejidad del aplicativo ", "20019"),
("30052","Construir el programa de instalacion del aplicativo ", "20019"),
("30053","Ejecutar y documentar las pruebas del software ", "20019"),
("30054","Construir el programa de instalacion del aplicativo ", "20020"),
("30055","Elaborar el manual tecnico de la aplicacion ", "20020"),
("30056","Ejecutar y documentar las pruebas del software ", "20020"),
("30057","Configurar el software con la aplicacion para cliente y servidor mediante la utilizacion del hardware disponible ejecutandola en la plataforma tecnologica ", "20021"),
("30058","Elaborar el informe adinistrativo siguiendo los protocolos de la organizacion  ", "20021"),
("30059","Definir estrategias para la validacion de manuales de usuario y de operacion ", "20021"),
("30060","Identificar las caracteristicas de los procesos de desarrollo de software", "20022"),
("30061","Identificar los puntos criticos de control de los proceso de desarrollo de software", "20022"),
("30062","Aplicar los estandares de calidad involucrados en los procesos de desarrollo de software", "20022"),
("30063","Elaborar instrumentos e insstructivos requeridos por el aseguramiento de la calidad", "20022"),
("30064","Evaluar procesos y productos de desarrollo de software", "20022"),
("30065","Elaborar el informe final del proceso de gestion de calidad en el desarrollo de software ", "20022"),
("30066","Interpretar el diagnostico de necesidades informaticas", "20023"),
("30067","Definir estrategias para la elaboracion de terminos de diferencia y procesos y evaluacion de proveedores", "20023"),
("30068","Participar en los perfeccionamientos de contratos informaticos", "20023"),
("30069","Elaborar el informe sobre el cumplimiento de los terminos de referencia previstos en la negociacion", "20023"),
("30070","Encontrar y utilizar sin esfuerzo vocabulario y expresiones de ingles tecnico en articulos de revistas", "20024"),
("30071","Identificar normas gramaticales basicas en textos y documentos elementales escritos en ingles", "20024"),
("30072","Relacionarse con hablantes nativos en un grado suficiente de fluidez y naturalidad", "20024"),
("30073","Reproducir en ingles frases o enunciados simples que permitan expresar de forma lenta ideas o conceptos", "20024"),
("30074","Encontrar y utilizar sin esfuerzo vocabulario y expresiones de ingles tecnico en articulos de revistas", "20024"),
("30075","Etapa productiva", "20025"),
("30076","Etapa productiva", "20026"),
("30077","Interpretar el diagrama relacional para identificar el modelo de datos ", "20027"),
("30078","Describir que son los modificadores para aplicarlos a un proyecto de formacion", "20027"),
("30079","Identificar cada uno de los conceptos y pricipios que constituyen la programacion orientada a objetos", "20027"),
("30080","Interpretar los diagramas de casos de uso de objetos de estados de secuencia por paquetes o componentes", "20027"),
("30081","Desarrollar procesos comunicativos eficaces y asertivos dentro de criterios de racionalidad que posibiliten la convivencia ", "20028"),
("30082","Asumir los deberes y derechos con base en las leyes y la normativas institucionales ", "20028"),
("30083","Asumir actitudes criticas argumentativas y propositivas", "20028"),
("30084","Reconocer el rol de los participantes en el proceso formativo ", "20028"),
("30085","Concertar alternativas de accion de formacion para el desarrollo de las competencias del programa formativo", "20028"),
("30086","Gestionar la informacion de acuerdo con los procedimientos establecidos", "20028"),
("30087","Identificar oportunidades que el SENA ofrece", "20028"),
("30088","Aplicafr tecnicas de cultura fisica para el mejoramiento de su expresion corpporal", "20028"),
("30089","Encontrar y utilizar sin esfuerzo vocabulario y expresiones de ingles tecnico en articulos de revistas", "20029"),
("30090","Identificar normas gramaticales basicas en textos y documentos elementales escritos en ingles", "20029"),
("30091","Relacionarse con hablantes nativos en un grado suficiente de fluidez y naturalidad", "20029"),
("30092","Reproducir en ingles frases o enunciados simples que permitan expresar de forma lenta ideas o conceptos", "20029"),
("30093","Relacionar las tablas construidas para presentar la informacion solicita en el diseño", "20030"),
("30094","Constrir el mapa de navegacion de acuerdo con el diseño entregado", "20030"),
("30095","Construir la matriz crud en el lenguaje de programacion", "20030"),
("30096","Construir las tablas que hacen parte del diseño del diagrama relacional", "20030"),
("30097","Desarrollar permanentemente las habilidades psicomotrices", "20031"),
("30098","Generar procesos autonomos y de trabajo colaborativo permanentes ", "20031"),
("30099","Redimensionar permanentemente su proyecto de vida ", "20031"),
("30100","Aplicar tecnicas de cultura fisica para el mejoramiento de expresion corporal", "20031"),
("30101","Encontrar y utilizar sin esfuerzo vocabulario y expresiones de ingles tecnico en articulos de revistas", "20032"),
("30102","Identificar normas gramaticales basicas en textos y documentos elementales escritos en ingles", "20032"),
("30103","Relacionarse con hablantes nativos en un grado suficiente de fluidez y naturalidad", "20032"),
("30104","Etapa productiva", "20033"),
("30105","Etapa productiva", "20034"),
("30106","Reconocer la tipologia de la multimedia de acuerdo con el analisis de la infromacion recolectada", "20035"),
("30107","Identificar los elementos del diseño grafico para la composicion de la multimedia", "20035"),
("30108","Interpretar el guion multimedia de acuerdo a los conceptos de diseño grafico", "20035"),
("30109","Reconocer el rol de los participantes en el proceso formativo ", "20036"),
("30110","Concertar alternativas y acciones de formacion ara el desarrollo de las competencias del programa de formacion ", "20036"),
("30111","Gestionar la informacion de acuerdo co los procedimientos etabblecidos ", "20036"),
("30112","Identificar las oportunidades que el SENA ofrece", "20036"),
("30113","Aplicar tecnicas de cultura fisica para el mejoramiento de expresion corporal", "20037"),
("30114","Encontrar y utilizar sin esfuerzo vocabulario y expresiones de ingles tecnico en articulos de revistas", "20037"),
("30115","Identificar normas gramaticales basicas en textos y documentos elementales escritos en ingles", "20037"),
("30116","Relacionarse con hablantes nativos en un grado suficiente de fluidez y naturalidad", "20037"),
("30117","Seleccionar materiales audiovisuales segun las especificaciones del guion tecnico ", "20038"),
("30118","Incorporar los elementos de la multimedia segun los criterios del storyboard", "20038"),
("30119","Programar elementos interactivos de la multimedia siguiendo las especificaciones del mapa de navegacion", "20038"),
("30120","Diseñar la interfaz grafica con base en el storyboard", "20039"),
("30121","Construir el storyboard aplicando tecnicas de creatividad", "20039"),
("30122","Validar el prototipo con el director del proyecto multimedia", "20039"),
("30123","Desarrollar permanentemente las habilidades psicomotrices", "20040"),
("30124","Generar procesos autonomos y de trabajo colaborativo permanentes ", "20040"),
("30125","Redimensionar permanentemente su proyecto de vida ", "20040"),
("30126","Aplicar tecnicas de cultura fisica para el mejoramiento de expresion corporal", "20040"),
("30127","Etapa productiva", "20041"),
("30128","Etapa productiva", "20042");

